,emotion,global nervous system,immunologic,motor,misclassified,gastrointestinal,song references,cardiovascular,genitourinary,oncologic,written media references,chemical process,metabolic,hematologic,musculoskeletal,place references,property of toxin,somatic sensation,neurologic disorder,perception,endocrine,sense of self,use of substance,sexual activity,uninterpretable,respiratory,activity references,renal,esp,infectious,cognitive ability,behavior,integumentary
phaeacantha,0,0,0,0,0,0,0,0,0,0,0,0,0,0,0,0,0,0,0,1,0,0,0,0,0,0,0,0,0,0,0,0,0
trimethylsilyl,0,0,0,0,1,0,0,0,0,0,0,0,0,0,0,0,0,0,0,0,0,0,0,0,1,0,0,0,0,0,0,0,0
arylcyclohexylamine,0,0,0,0,0,0,0,0,0,0,0,0,0,0,0,0,0,0,0,0,0,0,0,0,0,0,0,0,0,0,0,0,0
cobalt,3,2,0,0,6,1,0,0,1,1,0,3,1,0,0,0,0,0,3,2,0,2,3,1,8,1,0,0,2,1,4,4,0
tetrahydrocoptisine,0,0,0,0,0,1,0,0,1,0,0,0,0,0,0,0,0,0,0,0,0,0,0,0,0,0,0,0,0,1,0,0,0
oxycodone,120,56,0,2,61,63,0,24,12,15,0,4,4,1,2,3,37,5,41,40,0,12,56,8,136,2,0,0,11,7,42,42,3
carbomethoxytropinone,1,1,0,0,1,0,0,0,0,1,0,1,0,0,0,0,0,0,0,0,0,0,0,0,1,0,0,0,1,0,0,0,0
methylchloroisothiazalinone,1,1,0,0,0,0,0,0,1,0,0,0,0,0,0,0,0,0,1,0,1,0,0,0,0,0,0,0,0,0,0,0,0
iodomethane,0,0,0,0,0,0,0,0,0,0,0,1,0,0,0,0,0,0,0,0,0,0,0,0,0,0,0,0,0,0,0,0,0
tranylcypromine,6,2,0,0,3,4,0,7,3,1,0,3,1,0,0,0,2,1,3,2,0,2,4,1,6,1,0,0,1,1,3,0,0
phalloidin,0,0,0,0,0,1,0,0,0,0,0,1,0,0,0,0,0,0,0,0,0,1,1,0,1,0,0,0,0,0,0,0,1
hypericum,5,1,1,0,3,4,0,1,2,1,0,1,0,0,0,0,3,0,1,2,0,1,3,1,7,1,0,0,2,2,5,3,0
commiphora,3,1,0,0,2,1,0,0,0,0,0,0,0,0,0,0,0,0,1,1,0,0,2,0,3,0,0,0,0,0,0,0,0
aromadendrene,1,0,0,0,0,0,0,0,0,0,0,0,0,0,0,0,0,0,0,0,0,0,0,0,1,0,0,0,0,1,0,0,0
norethrindrone,1,1,0,0,0,0,0,0,1,0,0,0,0,0,0,0,0,0,1,0,1,0,0,0,0,0,0,0,0,0,0,0,0
hydroxyethylamide,2,2,0,0,1,2,0,3,0,0,0,0,0,0,0,1,1,0,1,3,0,1,1,0,2,0,0,0,2,0,1,1,0
guanfacine,2,2,0,0,0,2,0,0,0,0,0,0,0,0,0,0,1,0,0,1,0,0,0,0,2,0,0,0,0,0,0,1,0
mercaptoethyl,1,0,1,0,1,0,0,0,0,0,0,0,0,1,0,0,0,0,0,0,0,0,0,1,0,0,0,0,0,1,1,0,0
hormone,50,25,0,1,29,20,0,10,21,9,0,5,5,1,0,4,23,0,21,27,3,6,28,14,73,1,0,0,8,7,37,23,4
methylecgonidine,1,1,1,0,1,1,0,1,0,0,0,1,0,0,0,0,1,0,0,1,0,0,1,1,1,0,0,0,0,1,0,0,0
fluoxetine,13,7,0,2,9,6,0,8,2,0,0,3,0,0,0,0,8,0,6,4,0,2,6,3,14,1,0,0,2,1,5,5,0
pseudoephedrine,27,19,2,0,14,18,0,5,4,2,1,2,2,1,0,1,12,0,10,14,0,4,15,1,32,1,0,0,2,1,11,10,1
gerwurtzraminer,1,1,0,0,1,0,0,0,0,0,0,0,0,0,0,0,0,0,0,1,0,0,0,0,1,0,0,0,0,0,0,1,0
tizanidine,2,2,0,0,1,0,0,1,1,0,0,0,0,0,0,0,3,0,1,3,0,0,0,0,1,0,0,0,0,0,0,1,0
dieticyclidine,0,1,0,0,0,0,0,0,0,0,0,0,0,0,0,0,0,0,0,1,0,0,0,0,1,0,0,0,0,0,0,0,0
amfebutamone,1,0,0,0,1,1,0,0,0,0,0,0,0,0,0,0,1,0,0,0,0,0,1,0,1,0,0,0,0,0,1,1,0
benzoylecgonine,2,1,0,0,2,2,0,0,1,0,0,0,2,0,0,0,1,0,3,0,0,1,1,0,6,0,0,0,0,0,3,0,0
elymoclavine,2,1,0,0,1,2,0,1,0,0,0,1,0,0,0,1,2,0,2,4,0,1,1,0,3,0,0,0,1,0,1,1,0
sesquiterpene,1,1,0,1,1,0,0,1,0,0,0,0,0,0,0,0,1,0,1,0,0,0,0,0,0,0,0,0,1,1,1,0,0
dalcipran,1,1,0,0,1,1,0,1,1,0,0,1,0,0,0,0,1,0,1,0,0,1,1,1,1,1,0,0,0,1,1,0,0
clozapine,1,0,0,0,1,0,0,0,0,0,1,0,0,0,0,0,1,0,0,0,0,0,0,0,1,0,0,0,0,0,0,1,0
methimazole,2,1,0,0,1,1,0,1,0,0,0,1,0,1,1,0,0,1,2,0,0,1,1,1,2,1,0,0,0,1,1,2,1
phenoperidine,1,0,0,0,1,1,0,0,0,0,0,0,1,0,0,0,1,1,1,1,0,1,1,0,1,0,0,0,0,0,0,0,0
chalcostrobamine,1,1,0,1,1,1,0,0,0,0,0,0,0,0,0,0,0,1,0,1,0,0,1,0,1,0,0,0,1,0,1,0,0
etoperidone,0,0,0,0,0,0,0,0,0,0,0,0,0,0,0,0,0,0,0,0,0,0,0,0,0,0,0,0,0,0,0,0,0
hydroxycobalamin,1,0,0,0,0,1,0,0,0,0,0,0,0,0,0,0,0,0,0,0,0,0,1,0,1,1,0,0,0,0,0,0,0
methane,3,0,0,0,4,2,0,0,1,0,0,1,0,0,0,0,3,0,3,3,0,0,3,1,4,0,0,0,2,1,1,1,0
benzoxazolyl,0,0,0,0,0,1,0,1,1,0,0,0,0,0,0,0,1,1,1,0,0,0,1,0,0,1,0,0,0,0,0,0,0
myrtillocactus,1,0,0,0,1,0,0,0,0,0,0,0,0,0,0,0,0,0,0,1,0,0,0,0,1,0,0,0,0,0,1,0,0
chlorepidrine,0,0,0,0,0,0,0,0,0,0,0,0,0,0,0,0,0,0,1,0,0,0,1,0,1,0,0,0,0,0,0,0,0
diethylserotonin,1,0,0,0,1,0,0,0,0,0,0,0,0,0,0,0,0,0,0,0,0,0,0,0,0,0,0,0,0,0,0,0,0
chanoclavine,1,0,0,0,0,1,0,0,0,0,0,0,0,0,0,0,1,0,1,3,0,0,0,0,2,0,0,0,0,0,0,0,0
sensemilla,0,0,0,0,1,0,0,0,0,0,0,0,0,0,0,0,0,0,0,0,0,0,0,0,1,0,0,0,0,0,0,0,0
mchlorophenylpiperazine,1,1,0,0,0,0,0,1,1,0,0,1,0,1,0,1,1,0,1,1,0,0,1,0,1,0,0,0,0,0,1,0,0
trichlorethyline,1,0,0,0,1,0,0,0,0,1,0,0,0,0,0,0,1,0,0,1,0,0,0,0,1,0,0,0,1,0,1,1,0
emmenagogue,0,0,0,0,0,1,1,0,0,1,0,0,0,0,0,0,1,0,1,1,0,0,1,0,0,0,0,0,0,0,1,1,0
triterpene,5,4,2,0,5,3,0,3,2,1,0,1,0,0,0,0,2,0,2,3,1,0,3,2,5,0,0,0,1,4,1,1,0
kratom,1,2,0,0,1,1,0,0,0,0,0,0,0,0,0,1,1,0,2,1,0,0,1,1,3,0,0,0,0,0,0,1,0
LSD,937,379,3,33,497,190,3,104,113,54,40,82,23,4,1,19,379,7,389,830,1,151,318,67,925,38,3,0,249,21,308,388,22
stryrlpyrones,0,0,0,0,0,0,0,0,0,0,0,0,0,0,0,0,1,0,0,1,0,1,0,0,1,0,0,0,0,0,0,0,0
tetrahydroisoquinalone,1,1,0,0,0,1,0,1,1,1,0,0,0,0,0,0,1,0,1,1,0,0,1,0,1,0,0,0,0,0,1,1,0
cyclosporin,0,0,0,0,0,0,0,0,0,0,0,0,0,0,0,0,0,0,0,0,0,0,0,0,0,0,0,0,0,0,0,0,0
barbiturate,9,9,0,0,4,4,0,3,1,1,0,1,2,1,1,0,5,1,5,5,1,1,4,1,10,1,0,0,1,1,1,4,2
caffeine,177,105,2,8,97,78,1,43,18,18,4,10,13,2,1,6,84,4,73,90,1,28,86,26,197,2,1,0,22,12,73,54,7
benzopyrene,0,0,0,0,0,0,0,0,0,1,0,0,0,0,0,0,0,0,0,1,0,0,1,0,1,0,0,0,0,0,0,0,0
moldicide,1,0,0,0,0,0,0,0,0,0,0,0,0,0,0,0,0,0,0,0,0,0,0,0,0,0,0,0,0,0,1,0,0
cannabimimetic,2,2,0,1,3,1,0,1,0,2,0,0,0,0,0,0,2,0,2,3,0,0,1,0,4,0,0,0,0,0,3,2,0
trichlorethylene,0,0,0,0,1,0,0,0,0,0,0,0,0,0,0,0,0,0,0,0,0,0,0,0,0,0,0,0,0,0,0,0,0
iprocin,31,12,0,1,17,9,0,4,4,2,0,1,0,0,0,0,17,1,9,29,1,9,15,1,26,1,0,0,11,0,11,13,1
dinitrophenol,0,0,0,0,1,0,0,1,0,0,0,0,0,0,0,0,0,0,0,0,0,0,0,0,1,0,0,0,0,0,0,0,0
sevoflorane,1,1,0,0,1,0,0,0,0,0,0,0,0,0,0,0,0,0,0,1,0,0,0,0,0,0,0,0,0,0,0,0,0
tanshinones,0,0,1,0,1,1,0,1,1,0,0,1,0,0,0,0,1,0,1,1,0,0,1,0,1,0,0,0,0,1,0,0,0
neocitron,1,0,0,0,0,0,0,0,0,0,0,0,0,0,0,0,0,0,0,0,0,0,1,0,0,1,0,0,0,0,0,0,0
boron,0,0,0,0,0,0,0,0,0,0,0,0,0,0,0,0,1,0,0,0,0,0,1,0,1,0,0,0,0,0,0,0,0
isothujone,0,0,0,0,0,0,0,0,0,0,0,0,0,0,0,0,0,0,0,0,0,0,0,0,0,0,0,0,0,0,0,0,0
diethylpropion,1,0,0,1,1,1,0,0,0,0,0,0,1,0,0,0,1,1,1,1,0,2,1,0,1,0,0,0,0,0,0,1,0
dihydroergotamine,1,0,0,0,0,0,0,0,0,0,0,1,0,0,0,0,0,0,1,1,0,0,0,0,1,0,0,0,0,0,0,0,0
phenelzine,8,4,0,1,4,6,0,8,4,1,0,3,1,0,0,0,4,1,4,3,0,3,5,1,8,1,0,0,1,1,4,0,1
thienodiazepine,1,0,0,0,1,0,0,0,0,0,0,0,0,0,0,0,1,0,0,0,0,0,0,0,1,0,0,0,0,0,0,0,0
coriamyrtine,2,2,0,0,2,2,0,2,2,0,0,0,0,0,0,0,2,0,2,2,0,0,2,0,2,0,0,0,0,2,2,0,2
insulin,19,12,1,0,10,6,0,4,2,4,1,0,5,0,1,0,10,0,4,9,0,3,7,3,19,3,0,0,7,4,8,8,1
salmeterol,0,0,0,0,0,0,0,0,0,0,0,0,0,0,0,0,0,0,0,0,0,0,0,0,0,0,0,0,0,0,0,0,0
methylergonovine,0,0,0,0,0,0,0,0,0,0,0,1,0,0,0,0,0,0,0,0,0,0,0,0,0,0,0,0,0,0,0,0,0
meperidine,9,6,0,1,2,7,0,2,2,0,0,0,1,0,0,0,5,1,5,2,0,2,5,0,11,0,0,0,1,0,5,2,1
ethoxymethyl,1,1,0,0,1,0,0,0,0,1,1,0,0,0,0,0,1,0,0,1,0,0,1,0,1,0,0,0,0,0,0,1,0
vasopressin,4,2,0,0,2,1,0,0,2,1,0,0,1,0,0,0,2,0,2,2,0,2,4,0,3,1,0,0,2,0,4,2,0
pseudotutine,2,2,0,0,2,2,0,2,2,0,0,0,0,0,0,0,2,0,2,2,0,0,2,0,2,0,0,0,0,2,2,0,2
anandamides,1,0,0,0,0,0,0,0,0,0,0,0,0,0,0,0,1,0,0,0,0,0,0,0,0,0,0,0,0,0,0,0,0
piper methysticum,7,4,1,0,5,3,0,3,0,0,0,2,0,0,0,1,6,0,2,7,0,2,5,1,10,0,0,0,1,2,1,2,0
silymarlin,0,0,0,0,0,1,0,0,0,0,0,0,0,0,0,0,1,0,0,0,0,0,0,0,1,0,0,0,0,0,0,0,0
cocaine,263,125,7,15,159,91,0,47,40,28,8,14,14,8,1,8,119,6,116,125,1,33,140,29,281,11,3,0,48,22,106,91,18
inositol,4,5,1,0,6,2,0,1,1,1,0,2,1,1,0,0,2,0,2,2,0,1,3,2,6,1,0,0,1,2,4,0,0
cyanoborohydride,0,0,0,0,1,0,0,0,0,0,0,1,0,0,0,0,0,0,0,1,0,0,0,0,1,0,0,0,0,0,1,0,0
strophara,1,0,0,0,0,0,0,0,0,0,0,0,0,0,0,0,0,0,0,1,0,0,0,0,1,0,0,0,0,0,1,0,0
truxilloensis,0,0,0,0,0,0,0,0,0,0,0,0,0,0,0,0,0,0,0,0,0,0,0,0,1,0,0,0,0,0,0,0,0
selegiline,5,4,0,1,2,3,0,5,3,1,0,1,0,0,0,0,2,0,4,2,0,1,3,1,6,1,0,0,0,1,4,0,1
piperidino,1,0,0,0,1,1,0,0,0,0,0,0,1,0,0,0,1,1,1,1,0,1,1,0,1,0,0,0,0,0,0,0,0
ichthyoallyeinotoxism,0,0,0,0,0,0,0,0,0,0,0,0,0,0,0,0,1,0,0,1,0,0,1,0,0,0,0,0,0,0,0,0,0
moclobimide,0,0,0,0,0,0,0,0,0,1,0,0,0,0,0,0,0,0,0,0,0,0,0,0,0,0,0,0,0,0,0,0,0
diisopropylethylamine,0,0,0,0,1,0,0,0,0,0,0,1,0,0,0,0,1,0,1,1,0,0,0,1,1,1,0,0,0,0,1,0,0
meloxicam,0,0,0,0,0,0,1,0,0,0,0,0,0,0,0,0,1,0,0,1,0,0,1,0,1,0,0,0,0,0,0,0,0
ketorolac,1,1,0,0,1,0,0,1,0,0,0,0,0,0,0,0,1,0,2,2,0,0,0,0,1,0,0,0,0,0,0,1,0
aconite,0,0,0,0,1,0,0,0,0,0,0,0,0,0,0,0,0,0,0,0,0,0,0,1,1,0,0,0,0,0,1,0,0
phenanthrene,0,1,0,0,0,0,0,1,0,0,0,0,0,0,0,0,0,0,0,0,0,0,1,0,1,0,0,0,0,0,0,0,0
chlorpromazine,15,8,0,2,7,9,0,7,4,2,0,4,0,1,1,0,10,1,12,12,0,7,14,5,17,2,0,0,2,2,7,9,2
allylescaline,0,0,0,0,0,0,0,0,0,0,0,0,0,0,0,0,0,0,0,1,0,0,1,0,0,0,0,0,0,0,0,0,0
phenylispropylamines,0,0,0,0,0,0,0,0,0,0,0,0,0,0,0,0,0,0,0,0,0,0,0,0,0,0,0,0,0,0,0,0,0
mescaline,295,122,0,13,163,73,1,33,28,15,7,27,14,1,1,7,118,7,115,275,0,47,113,13,312,9,0,0,71,9,124,99,11
tetraflouroethane,0,0,0,0,1,0,0,0,0,0,0,0,0,0,0,0,1,0,0,0,0,0,0,0,0,0,0,0,0,0,1,0,0
psilocybin,11,5,0,1,7,7,0,0,1,0,1,1,1,0,0,1,7,0,4,15,0,4,7,0,18,0,0,0,6,0,6,4,1
oxytocin,13,4,0,1,4,0,0,1,6,1,0,0,1,0,0,0,6,0,4,6,0,3,4,1,8,0,0,0,5,1,6,5,1
pseudomorphine,1,0,0,0,1,1,0,0,0,0,0,0,0,0,0,0,0,0,0,1,0,0,2,0,2,0,0,0,0,0,0,0,0
myristicine,5,2,0,0,2,7,0,0,1,1,0,0,0,0,0,0,5,0,1,5,0,0,3,0,6,0,0,0,0,1,1,1,0
fluroanfetamin,0,0,0,0,0,0,0,0,0,0,0,0,0,0,0,0,0,0,0,0,0,0,0,0,0,0,0,0,0,0,0,0,0
opioids,412,184,4,10,208,170,0,58,32,32,8,18,11,3,2,10,178,21,131,200,1,37,182,27,414,11,2,0,64,22,133,136,22
chardonnay,2,1,0,0,2,1,0,0,0,0,0,0,0,0,0,0,1,0,1,1,0,1,1,0,3,0,0,0,1,0,2,0,0
fluoroamphetamine,0,0,0,0,0,0,0,0,0,0,0,0,0,0,0,0,1,0,0,1,0,0,0,0,1,0,0,0,1,0,1,1,0
desoxypipradrol,1,1,0,0,0,0,0,0,0,0,0,0,0,0,0,0,1,0,1,1,0,0,0,0,0,0,0,0,0,0,0,0,0
permethrin,0,0,0,0,0,0,0,0,0,0,0,0,0,0,0,0,0,0,0,0,0,0,0,0,1,0,0,0,0,0,0,1,0
shoom,0,0,0,0,0,0,0,0,0,0,0,0,0,0,0,0,0,0,0,0,0,0,0,0,0,0,0,0,0,0,0,0,0
thymifolia,0,0,0,0,0,0,0,0,0,0,0,0,0,0,0,0,0,0,0,0,0,0,1,0,0,0,0,0,0,0,0,0,0
propoxyphene,8,4,0,0,6,4,0,1,1,1,0,1,2,1,1,0,3,2,2,5,0,2,3,1,17,1,0,0,0,1,7,7,2
mirtazapine,1,3,0,0,3,1,0,1,3,0,0,1,0,0,0,0,3,0,1,0,0,1,1,2,3,1,0,0,0,1,1,1,0
capsaicin,2,0,0,0,2,2,0,1,0,0,0,0,0,0,0,0,0,0,1,0,0,0,1,0,4,1,0,0,0,1,0,2,0
ketobemidone,1,0,0,0,1,1,0,0,0,0,0,0,1,0,0,0,1,1,1,1,0,1,1,0,1,0,0,0,0,0,0,0,0
polyhydroxynortropane,1,1,0,1,1,1,0,0,0,0,0,0,0,0,0,0,0,1,0,1,0,0,1,0,1,0,0,0,1,0,1,0,0
lysergins,0,0,0,0,0,0,0,0,0,0,0,0,0,0,0,0,0,0,0,1,0,0,0,0,0,0,0,0,0,0,0,0,0
quetiapine,2,4,0,0,1,2,0,1,1,0,0,0,0,0,0,0,3,0,2,0,0,0,1,2,2,0,0,0,0,0,0,1,0
eroglines,1,0,0,0,1,0,0,0,0,0,0,0,0,0,0,0,0,0,0,1,0,0,0,0,1,0,0,0,0,0,1,0,0
dimethylformamide,1,0,0,0,1,0,0,1,0,0,0,0,0,0,0,0,0,0,2,3,0,1,2,0,3,0,0,0,0,0,2,0,0
hydroxytryptophan,1,0,0,0,0,0,0,0,0,0,0,1,0,0,0,0,0,0,0,0,0,0,0,0,1,0,0,0,0,0,1,0,0
isomorphinans,1,0,0,0,1,1,0,0,0,0,0,0,1,0,0,0,1,1,1,1,0,1,1,0,1,0,0,0,0,0,0,0,0
salvia,643,228,4,17,310,105,2,59,53,27,30,46,9,0,0,5,267,8,191,466,0,124,156,28,649,25,2,0,152,10,212,268,24
digoxin,2,0,0,0,0,0,0,0,0,0,0,0,0,0,0,0,0,0,1,1,0,0,1,0,1,0,0,0,0,0,0,0,0
choline,13,9,2,1,12,9,0,3,1,1,1,4,1,0,0,1,10,0,6,8,0,3,10,1,18,1,0,0,2,1,8,3,0
toxicodendron,0,0,0,0,1,0,0,0,0,0,0,0,0,0,0,0,0,0,0,0,0,0,1,0,0,0,0,0,0,1,1,0,0
cocaethylene,5,1,0,0,2,3,0,0,0,0,0,0,1,0,0,0,1,0,0,1,0,1,2,0,4,0,0,0,1,0,1,1,0
salicylates,0,0,0,0,0,0,0,0,0,0,0,0,0,0,0,0,0,0,0,0,0,0,0,0,0,0,0,0,0,0,0,0,0
oleander,2,2,0,0,1,0,0,0,0,0,0,0,0,0,0,0,2,0,1,2,0,1,1,0,2,1,0,0,0,0,0,2,0
hallucinogen,4,1,0,0,3,1,0,0,0,0,0,0,0,0,0,0,2,0,1,2,0,0,1,1,3,0,0,0,0,0,1,1,0
succinylcholine,0,1,0,0,0,0,0,1,0,0,0,0,0,0,0,1,1,0,0,0,0,0,0,0,0,0,0,0,0,0,1,0,0
phenylcyclohexanol,0,0,0,0,0,0,0,0,0,0,0,0,0,0,0,0,0,0,0,0,0,0,0,1,0,0,0,0,0,0,0,1,0
pyridine,5,5,0,2,6,3,0,2,2,0,0,0,0,0,0,1,3,1,3,3,0,1,4,1,7,0,0,0,2,2,6,1,3
musicmol,1,0,0,0,1,0,0,0,0,0,0,0,0,0,0,0,2,0,0,0,0,0,0,0,0,0,0,0,0,0,0,1,0
bromhydrate,0,0,0,0,0,0,0,0,0,0,0,0,0,0,0,0,0,0,0,0,0,0,0,0,0,0,0,0,0,0,0,0,0
laudanum,10,2,0,0,6,5,0,1,1,1,0,0,0,0,0,1,5,0,2,5,0,1,6,0,13,0,0,0,3,1,8,4,0
morphine,140,61,4,4,80,72,1,29,16,18,3,9,7,4,2,3,62,9,51,47,0,13,75,10,171,5,0,0,14,17,67,49,9
hexanoate,1,0,0,0,1,0,0,0,0,0,0,0,0,0,0,0,0,0,0,0,0,0,0,0,0,0,0,0,0,0,1,0,0
psycothria,0,0,0,0,0,0,0,0,0,0,0,0,1,0,0,0,0,0,0,0,0,0,0,0,1,0,0,0,0,0,1,0,0
minaprine,1,1,0,0,1,1,0,1,1,0,0,1,0,0,0,0,1,0,1,0,0,1,1,1,1,1,0,0,0,1,1,0,0
amatoxin,0,0,0,0,0,1,0,0,0,0,0,0,0,0,0,0,0,0,0,0,0,1,1,0,1,0,0,0,0,0,0,0,1
methadone,80,37,2,0,45,44,0,12,5,8,3,4,7,3,2,2,32,3,30,30,0,10,37,8,86,2,0,0,9,6,25,33,5
mucuadinine,2,1,0,0,0,0,0,0,0,0,0,0,0,0,0,0,0,0,0,0,0,0,0,1,1,0,0,0,0,0,1,0,0
sertraline,7,3,0,1,4,5,0,6,3,1,0,3,0,0,0,0,5,0,4,5,0,1,5,2,9,1,0,0,2,1,4,4,0
dipropylaminomethylene,1,0,0,0,1,0,0,0,0,0,0,0,0,0,0,0,0,0,0,0,0,0,0,0,0,0,0,0,0,0,0,0,0
lighterfluid,1,0,0,0,0,0,0,0,0,0,0,0,0,0,0,0,0,0,0,0,0,0,0,0,0,0,0,0,0,0,0,1,0
anxiolytic,20,17,2,0,11,12,0,9,5,0,0,3,1,0,0,0,14,1,9,7,0,3,12,3,22,3,0,0,2,4,7,6,2
mycotaxon,0,1,0,0,1,0,0,1,0,0,0,1,0,0,0,1,1,0,1,1,0,0,1,1,1,0,0,0,0,0,1,0,0
phenolate,0,0,0,0,0,0,0,0,0,0,0,0,0,0,0,0,1,0,0,1,0,0,0,0,0,0,0,0,0,0,1,0,0
cyclohexylpiperidine,0,0,0,0,1,0,0,0,0,0,0,0,0,0,0,0,0,0,0,0,0,0,0,0,0,0,0,0,0,0,0,0,0
hepatotoxin,2,0,0,0,0,2,0,0,1,0,0,0,0,0,0,0,0,0,0,0,0,0,3,0,1,0,0,0,0,0,0,0,0
alphamethylphenethylene,1,1,0,0,1,0,0,0,0,0,0,0,1,0,0,0,0,0,0,1,0,0,0,0,1,0,0,0,0,0,0,0,0
sodium,68,25,2,2,43,33,1,14,8,11,1,12,6,1,2,3,30,2,23,31,0,11,24,7,91,5,0,0,9,4,35,26,6
ethacetin,1,0,0,0,1,0,0,0,0,0,0,0,0,0,0,0,0,0,0,0,0,0,0,0,0,0,0,0,0,0,0,0,0
selenium,3,2,0,0,2,2,0,1,1,1,0,1,0,0,0,0,2,0,1,2,1,0,3,1,5,0,0,0,0,1,1,1,0
cinchona,1,0,0,1,0,0,0,1,0,0,0,0,0,0,0,0,1,0,1,1,0,0,0,0,2,1,0,0,1,1,0,1,1
clorphenylpiperazine,1,0,0,0,0,1,0,0,0,0,0,0,0,0,0,0,0,0,0,0,0,0,0,0,1,0,0,0,0,0,0,1,0
caspofungin,0,0,0,0,0,0,0,0,0,1,0,0,0,0,0,0,0,0,0,0,0,0,1,0,1,0,0,0,0,1,1,0,0
diethyltryptamine,1,0,0,1,1,1,0,0,0,0,0,0,0,0,0,0,1,0,1,2,0,1,0,0,2,0,0,0,0,0,0,0,0
amitoxins,1,0,0,0,0,0,0,0,0,1,0,0,0,0,0,0,0,0,0,1,0,0,1,0,1,0,0,0,0,0,1,0,0
benzocyclobutene,0,0,0,0,0,0,0,0,0,0,0,0,0,0,0,0,1,0,0,1,0,0,0,0,0,0,0,0,0,0,0,1,0
desmopressin,0,0,0,0,0,1,0,1,1,0,0,0,0,0,0,0,1,1,1,0,0,0,3,0,1,1,0,0,0,0,1,0,0
dihydrogencitrates,0,0,0,0,0,0,0,0,0,0,0,0,0,0,0,0,0,0,0,0,0,0,0,0,0,0,0,0,0,0,0,0,0
propylthiophenethylamine,1,0,0,0,0,0,0,0,0,0,0,0,0,0,0,0,0,0,0,1,0,1,0,0,1,0,0,0,0,0,0,0,0
methylphenylisopropylamine,0,0,0,0,0,0,0,0,0,0,0,0,0,0,0,0,0,0,0,0,0,0,0,0,0,0,0,0,0,0,0,0,0
nandrolone,0,0,0,0,0,0,0,0,0,0,0,0,0,0,0,0,0,0,0,0,0,0,0,0,0,0,0,0,0,0,0,0,0
N-Ethyl-3-piperidyl benzilate,1,0,0,0,1,1,0,0,0,0,0,0,1,0,0,0,1,1,1,1,0,1,1,0,1,0,0,0,0,0,0,0,0
hirudin,0,0,0,0,0,0,0,0,0,0,0,0,0,0,0,0,0,0,0,0,0,0,0,0,0,0,0,0,0,0,0,0,0
zeylanicum,0,0,0,0,0,0,0,0,0,0,0,0,0,0,0,0,0,0,0,0,0,0,0,0,1,0,0,0,0,0,0,0,0
sulbutiamine,1,0,0,0,1,0,0,1,1,0,0,0,0,0,0,0,0,0,0,0,0,0,0,0,1,0,0,0,0,0,1,0,0
resperine,0,0,0,0,0,0,0,0,0,0,0,0,0,0,0,0,0,0,0,1,0,0,0,0,0,0,0,0,0,0,0,0,0
ayahuasca,9,3,0,0,5,4,0,0,2,0,0,1,1,0,0,0,2,0,2,8,0,1,2,0,6,0,0,0,5,0,3,2,0
pulgerone,0,0,0,0,0,0,0,0,0,0,0,0,0,0,0,0,0,0,0,0,0,0,0,0,0,0,0,0,0,0,0,0,0
molybdenum,0,0,0,0,0,0,0,0,0,0,0,0,0,0,0,0,0,0,0,0,0,0,0,0,0,0,0,0,0,0,0,0,0
delusiongen,1,2,0,1,0,0,0,0,0,0,0,0,0,0,0,0,2,0,2,2,0,0,1,0,1,0,0,0,1,0,0,0,0
convolamine,1,1,0,1,1,1,0,0,0,0,0,0,0,0,0,0,0,1,0,1,0,0,1,0,1,0,0,0,1,0,1,0,0
dextromethorphan,58,34,0,6,30,33,0,11,4,3,2,8,1,2,0,1,41,0,22,33,0,5,31,4,65,2,1,0,19,0,31,25,5
cointreau,1,0,0,0,1,0,0,0,0,0,0,0,0,0,0,0,0,0,1,0,0,0,0,0,1,0,0,0,0,0,1,1,0
dihydromorphine,0,0,0,0,0,0,0,0,0,0,0,0,0,0,0,0,0,0,0,0,0,0,0,0,0,0,0,0,0,0,0,0,0
dimenhydrinate,14,15,0,0,5,5,0,3,1,1,0,3,1,0,1,0,13,0,6,11,0,1,12,2,18,1,0,0,2,1,3,9,1
aposcopolamine,1,1,0,1,1,1,0,0,0,0,0,0,0,0,0,0,0,1,0,1,0,0,1,0,1,0,0,0,1,0,1,0,0
atomoxetine,0,1,0,0,1,1,0,0,0,0,0,0,0,0,0,0,0,0,0,0,0,0,1,0,1,0,0,0,0,1,1,0,0
methysergide,0,0,1,0,0,0,0,0,0,1,0,1,0,0,0,0,0,0,1,1,0,0,0,0,0,0,0,0,0,0,1,1,0
nicotine,237,93,1,7,144,72,0,38,27,54,5,18,9,3,0,5,107,1,89,136,1,31,112,20,266,18,1,0,35,17,98,97,12
naloxone,12,9,0,0,8,7,0,5,2,1,1,0,1,0,1,0,9,5,7,4,0,4,10,1,12,1,0,0,1,0,6,4,2
carbon dioxide,0,0,0,0,0,0,0,0,0,0,0,0,0,0,0,0,0,0,0,0,0,0,0,0,0,0,0,0,0,0,0,0,0
mdp,0,1,0,0,1,0,0,1,0,0,0,0,0,0,0,0,1,0,1,1,0,0,1,1,1,0,0,0,0,0,1,0,0
corticosteroids,0,0,0,0,0,0,0,0,0,0,0,0,0,0,0,0,0,0,0,0,0,0,0,0,0,0,0,0,0,0,0,0,0
hydroxyphenyl,0,1,0,0,0,0,0,0,0,0,0,0,0,0,0,0,0,0,0,0,0,0,0,0,0,0,0,0,0,0,1,0,0
curacao,1,0,0,0,1,0,0,0,0,0,0,0,0,0,0,0,0,0,0,0,0,0,0,0,1,0,0,0,0,0,0,0,0
krokodil,2,0,0,0,1,0,0,0,0,0,0,0,0,0,0,0,0,0,0,0,0,0,1,0,2,0,0,0,0,1,0,1,0
ethylpheryl,1,0,0,0,0,0,0,0,0,0,0,0,0,0,0,0,0,0,0,1,0,0,0,0,0,0,0,0,1,0,0,0,0
benzphetamine,1,0,0,0,1,1,0,0,0,0,0,0,1,0,0,0,1,1,1,1,0,1,1,0,2,0,0,0,0,0,0,0,0
phenylalkylamines,2,0,0,0,1,1,0,0,1,0,0,0,1,0,0,0,1,1,1,2,0,2,2,0,1,0,0,0,0,0,0,0,0
hypoxanthine,1,1,1,0,1,1,0,1,0,0,0,1,0,0,0,0,1,0,0,1,0,0,1,1,1,0,0,0,0,1,0,0,0
ethoxyethane,0,1,0,0,1,0,0,0,0,0,0,0,0,0,0,0,0,0,0,0,0,0,0,0,0,0,0,0,0,0,0,0,0
isomyristicin,1,0,0,0,0,0,0,0,0,0,0,0,0,0,0,0,0,0,0,0,0,0,0,0,1,0,0,0,0,1,0,0,0
metoclopramide,0,0,0,0,1,0,0,0,1,0,0,0,0,0,0,0,2,0,2,1,0,0,1,0,1,0,0,0,0,0,0,0,0
dimethylmedicarpin,0,0,0,0,0,1,0,1,0,0,0,0,0,0,0,0,0,0,0,1,0,0,0,0,1,0,0,0,0,0,0,0,0
guaifenisin,1,1,0,0,0,0,0,0,0,0,0,0,0,0,0,0,0,0,0,0,0,0,0,0,0,0,0,0,0,0,0,0,0
tigloidine,1,1,0,1,1,1,0,0,0,0,0,0,0,0,0,0,0,1,0,1,0,0,1,0,1,0,0,0,1,0,1,0,0
dimethcathinone,0,0,0,0,1,0,0,0,0,0,0,0,0,0,0,0,0,0,0,0,0,1,0,0,1,0,0,0,0,0,1,0,0
terbinafine,0,0,0,0,0,1,0,0,0,1,0,0,0,0,0,0,0,0,0,0,0,0,1,0,1,0,0,0,0,1,1,0,0
heroin,15,6,0,0,6,5,0,5,2,1,1,1,0,0,0,0,5,0,5,3,0,1,2,2,18,0,0,0,1,3,7,4,2
atropatana,0,0,1,0,1,1,0,1,1,0,0,1,0,0,0,0,1,0,1,1,0,0,1,0,1,0,0,0,0,1,0,0,0
vobtusine,1,0,0,0,0,0,0,0,0,0,0,0,0,0,0,0,0,0,0,0,0,0,0,0,1,0,0,0,0,0,0,0,0
pyrazolopyrimidine,1,1,0,0,0,0,0,0,0,0,0,0,0,0,0,0,0,0,0,0,0,0,0,0,0,0,0,0,0,0,0,0,0
chlorine,31,8,0,1,22,12,0,2,3,2,1,4,0,0,1,1,11,0,9,15,1,5,10,1,39,0,0,0,4,1,11,11,2
dexamethasone,1,1,0,0,1,1,0,1,0,1,0,1,0,1,1,0,0,1,1,0,0,1,1,1,1,1,0,0,0,1,1,1,1
camfetamine,1,0,0,0,0,0,0,0,0,0,0,0,0,0,0,0,0,0,0,0,0,0,1,0,1,0,0,0,0,0,0,0,1
monoacylglycerol,0,0,0,0,0,0,0,0,0,0,0,0,0,0,0,0,1,1,1,0,0,0,0,0,1,0,0,0,0,0,0,0,0
valproic acid,2,4,0,1,1,2,0,1,0,0,0,1,0,0,0,0,2,0,2,1,0,0,3,0,5,0,0,0,1,0,0,2,0
johnswort,0,0,0,0,1,0,0,0,0,0,0,0,0,0,0,0,0,0,0,0,0,0,1,0,1,0,0,0,0,0,1,0,0
bupropion,15,13,0,2,6,6,0,3,5,2,0,3,1,0,0,0,7,0,9,6,0,4,11,4,20,1,0,0,2,1,7,7,1
clortermine,1,0,0,0,1,1,0,0,0,0,0,0,1,0,0,0,1,1,1,1,0,1,1,0,1,0,0,0,0,0,0,0,0
zygophyllaceae,6,4,0,0,5,3,0,4,3,1,0,0,0,0,0,0,4,1,4,3,1,0,4,1,5,0,0,0,0,3,4,1,2
dimethyl,2,2,0,0,3,1,0,2,2,1,0,0,0,0,1,0,1,0,4,4,0,1,4,0,5,0,0,0,2,1,4,0,0
terpinoid,0,0,0,0,0,0,0,0,0,0,0,0,0,0,0,0,0,0,0,0,0,0,0,0,0,0,0,0,0,0,0,0,0
levamisolewithout,0,0,1,0,1,1,0,1,0,1,0,0,0,1,0,0,1,0,0,0,0,0,1,1,1,0,0,0,0,0,0,1,0
ethylphenidate,2,2,0,0,0,0,0,0,0,0,0,0,0,0,0,0,0,0,0,0,0,0,0,0,1,0,0,0,1,0,0,2,0
dimethoxylation,0,0,0,0,0,0,0,0,0,0,0,0,0,0,0,0,0,0,0,1,0,0,0,0,1,0,0,0,0,0,0,0,0
acenocoumarol,0,1,0,0,1,0,0,1,1,0,0,0,0,0,0,0,0,0,0,0,0,0,0,0,0,0,0,0,0,0,0,1,0
propranolol,3,1,0,2,2,1,0,3,0,0,0,0,0,0,0,0,2,0,2,1,0,0,1,0,4,0,0,0,1,0,1,2,0
phenyltropane,1,1,0,1,1,0,0,0,0,0,0,0,0,0,0,0,1,0,1,0,0,0,1,1,0,0,0,0,0,0,1,1,0
ciprofloxacin,1,1,0,0,0,1,0,1,1,0,0,0,0,0,0,0,0,0,1,0,0,0,1,0,1,0,0,0,0,0,1,0,0
hylocereus,1,0,0,0,1,0,0,0,0,0,0,0,0,0,0,0,0,0,0,0,0,1,0,0,1,0,0,0,0,0,0,0,0
amitriptyline,0,1,0,0,1,0,0,0,0,0,0,0,0,0,0,0,1,0,1,0,0,0,0,0,1,0,0,0,0,0,0,0,0
fluvoxamine,5,2,0,0,2,2,0,4,2,1,0,3,0,0,0,0,2,0,3,1,0,1,2,1,5,1,0,0,1,1,3,2,0
zinfandel,1,1,0,0,0,0,0,0,0,0,0,0,0,0,0,0,0,0,0,1,0,0,0,0,1,0,0,0,0,0,0,1,0
nerolidol,1,1,0,0,1,1,0,1,1,0,0,0,0,0,0,0,1,0,1,1,1,0,1,1,1,0,0,0,0,1,0,1,0
bromide,2,2,0,0,1,2,0,1,0,0,0,0,1,0,0,1,3,0,0,1,0,0,3,0,8,0,0,0,3,0,1,2,0
fenfluramine,3,3,0,1,2,2,0,2,3,0,0,0,2,0,0,0,2,0,2,0,0,0,3,0,4,0,0,0,0,0,4,1,0
glucocorticoid,2,2,0,0,0,0,0,2,1,0,0,1,0,1,0,1,1,0,2,1,0,0,1,0,3,0,0,0,0,1,2,0,0
ergometrine,9,5,0,0,5,6,0,3,2,0,0,1,1,0,0,2,9,1,6,9,0,3,4,0,9,0,0,0,4,2,5,1,3
methylcarbinolamide,2,1,0,0,1,1,0,1,0,0,0,0,0,0,0,2,1,0,1,1,0,1,1,0,2,0,0,0,2,0,2,1,1
glucose,20,16,2,1,10,11,0,10,7,4,0,4,4,0,1,1,11,0,9,11,0,2,15,4,23,2,0,0,5,6,10,4,4
aminorex,3,0,2,0,3,3,0,2,0,2,0,0,1,3,0,0,3,1,1,1,0,1,3,1,5,0,1,0,0,0,1,2,1
meclizine,5,7,0,0,1,2,0,3,1,0,0,2,0,0,0,0,2,0,3,3,0,0,3,0,8,0,0,0,2,1,6,4,0
tetrahydrofuran,1,0,0,0,0,0,0,0,0,0,0,1,0,0,0,0,0,0,0,0,0,0,0,0,0,0,0,0,0,0,0,0,0
pramipexole,1,1,0,0,1,1,0,1,1,0,0,1,0,0,0,0,1,0,1,0,0,1,1,1,1,1,0,0,0,1,1,0,0
risperidone,3,5,0,1,2,2,0,3,1,0,0,0,0,0,0,0,5,0,3,3,0,0,3,1,5,0,0,0,0,0,2,2,2
solanum,6,4,0,1,4,1,0,1,1,0,0,1,0,0,0,0,2,1,0,3,0,0,6,1,6,0,0,0,2,1,5,2,0
serotonin,199,109,4,14,107,69,0,49,40,22,7,23,14,1,1,8,132,5,103,153,1,28,113,23,186,4,0,0,45,13,90,73,6
pipradrol,2,1,0,0,1,1,0,0,0,0,0,0,1,0,0,0,2,1,2,2,0,1,1,0,1,0,0,0,0,0,0,0,0
salbutamol,1,1,0,0,1,0,0,0,0,0,0,0,1,0,0,0,0,0,0,1,0,0,0,0,1,0,0,0,0,0,0,0,0
cichorium,1,0,0,0,1,1,0,0,0,0,0,0,0,0,0,0,1,0,0,0,0,0,1,0,1,0,0,0,0,0,0,0,0
prostacyclin,1,1,0,0,1,1,0,1,0,0,0,1,0,1,1,0,0,1,1,0,0,1,1,1,1,1,0,0,0,1,1,1,1
dehydromethylone,1,0,0,0,1,0,0,0,0,0,0,0,0,0,0,0,0,0,0,0,0,0,0,0,0,0,0,0,0,0,0,0,0
methylenedioxyamphetamines,2,2,0,0,2,0,0,0,1,1,0,1,1,0,0,0,1,0,1,0,0,0,1,0,2,0,0,0,1,0,1,0,0
scopalamine,40,25,1,2,12,9,0,8,4,1,3,7,3,0,0,0,38,1,21,25,1,4,27,3,41,0,0,0,11,4,17,12,2
neoditerpane,0,0,0,0,0,0,1,0,0,0,0,0,0,0,0,0,1,0,0,1,0,0,1,0,1,0,0,0,0,0,0,0,0
indocybin,1,1,0,0,0,1,0,0,0,0,0,0,0,0,0,0,1,0,0,1,0,0,0,0,1,0,0,0,0,0,1,0,0
suphedrine,0,0,0,0,0,0,0,0,0,0,0,0,0,0,0,0,0,0,0,0,0,0,0,0,1,0,0,0,0,0,0,0,0
zacetachichi,0,0,0,0,0,0,0,0,0,0,0,0,0,0,0,0,0,0,0,0,0,0,0,0,0,0,0,0,0,0,0,0,0
chlorhexidine,0,1,0,0,0,0,0,0,0,0,0,0,0,0,0,0,0,0,0,0,0,0,0,0,1,0,0,0,0,0,1,0,0
debrisoquine,1,1,0,0,0,0,0,1,1,0,0,1,0,1,0,1,1,0,1,1,0,0,1,0,1,0,0,0,0,0,1,0,0
cucurbitins,2,0,0,0,0,0,0,0,0,1,0,0,0,0,0,0,1,0,0,1,0,0,2,1,1,0,0,0,1,0,1,1,0
vinblastine,3,2,0,0,3,3,0,2,2,0,0,0,1,0,0,0,3,1,3,3,0,1,3,0,3,0,0,0,0,2,2,0,2
marijuana,463,187,3,6,291,127,0,52,43,34,12,34,22,0,2,9,208,11,188,318,2,65,178,24,488,26,1,0,97,20,173,174,23
pregnenolone,1,0,0,0,1,1,0,0,0,0,0,0,0,0,0,0,0,0,0,1,0,0,2,0,1,1,0,0,0,0,1,1,0
strobamine,1,1,0,1,1,1,0,0,0,0,0,0,0,0,0,0,0,1,0,1,0,0,1,0,1,0,0,0,1,0,1,0,0
hydroxybutyrate,3,0,0,0,0,1,0,1,2,1,0,0,0,0,0,0,1,0,2,0,0,0,0,0,0,0,0,0,0,0,0,1,0
tetraphylline,1,1,0,0,1,0,0,0,1,0,0,0,0,0,0,1,0,0,0,1,0,0,1,1,1,0,0,0,1,0,1,1,0
isopteropodine,2,2,1,0,2,2,0,2,0,0,0,1,0,0,0,0,3,0,1,1,0,0,1,1,3,0,0,0,0,1,1,0,0
sumatriptan,3,1,1,0,3,0,0,2,0,3,0,0,0,0,0,0,2,0,7,4,0,0,1,0,4,0,0,0,1,0,3,4,0
kavalactones,13,3,0,1,7,11,0,1,1,0,0,1,0,0,0,0,7,0,1,2,0,1,4,0,13,0,0,0,1,0,3,5,2
cyclizine,3,2,0,0,0,1,0,1,1,0,0,0,0,0,0,0,2,0,2,1,0,0,3,0,4,0,0,0,0,0,1,1,0
mephedrone,23,9,0,1,12,2,0,2,3,2,0,1,0,0,0,0,7,0,10,10,0,5,9,2,22,0,0,0,0,0,5,5,1
norgestimate,1,1,0,0,0,0,0,0,1,0,0,0,0,0,0,0,0,0,1,0,1,0,0,0,0,0,0,0,0,0,0,0,0
pyrovalerone,1,0,0,0,1,1,0,0,0,0,0,0,1,0,0,0,1,1,1,1,0,1,1,0,1,0,0,0,0,0,0,0,0
k2,8,1,0,0,7,1,0,2,2,0,0,2,0,0,0,0,1,1,2,2,0,2,5,1,9,0,0,0,1,0,3,2,2
reserpate,2,2,0,0,2,2,0,2,2,0,0,0,0,0,0,0,2,0,2,2,0,0,2,0,2,0,0,0,0,2,2,0,2
imidazopyridine,3,2,0,0,0,1,0,0,0,0,0,0,0,0,0,0,1,0,1,1,0,0,1,0,2,0,0,0,1,0,1,1,1
bromocriptine,2,2,0,0,2,0,0,0,1,0,0,1,0,0,0,1,1,0,2,1,0,0,2,1,2,0,0,0,1,0,2,1,0
senecionine,0,0,0,0,0,0,0,0,0,0,0,0,0,0,0,0,0,0,0,0,0,0,0,0,0,0,0,0,0,0,0,0,0
proline,0,1,0,0,0,0,0,0,0,0,0,1,0,0,0,0,0,0,0,0,0,0,0,0,0,0,0,0,0,0,1,0,0
lefetamine,1,0,0,0,0,0,0,0,0,0,0,0,0,0,0,0,0,0,0,0,0,0,0,0,0,0,0,0,0,0,0,0,0
ritonavir,1,1,0,0,0,1,0,1,1,0,0,0,0,0,0,0,0,0,1,0,0,0,1,0,1,0,0,0,0,0,2,1,1
sugarcane,1,0,0,0,0,0,0,0,0,0,0,0,0,0,0,0,0,0,1,1,0,0,1,0,1,0,0,0,0,0,0,0,0
methylphenidate,26,10,1,1,7,5,0,5,4,3,1,3,1,0,0,1,13,1,12,14,0,3,11,3,29,1,0,0,7,3,6,4,0
hydroxyproline,0,1,0,0,0,0,0,0,0,0,0,0,0,0,0,0,0,0,0,0,0,0,0,0,0,0,0,0,0,0,1,0,0
chorpheniramine,2,3,0,0,1,3,0,0,0,0,1,0,0,0,0,1,1,0,1,3,0,1,0,0,3,0,0,0,1,0,1,2,0
ergocorninine,1,0,0,0,0,0,0,0,0,0,0,0,0,0,0,1,0,0,0,0,0,0,0,0,1,0,0,0,1,0,1,0,1
norepinephrine,33,16,1,5,22,14,0,15,8,4,1,8,4,3,1,4,26,2,17,16,1,3,23,5,36,2,0,0,5,4,13,9,5
hydroxyl,3,3,0,0,3,3,0,1,3,1,0,1,1,0,0,0,4,1,4,4,0,2,5,1,4,1,0,0,1,2,5,1,1
simethicone,0,0,0,0,0,1,0,0,0,0,0,0,0,0,0,0,0,0,0,0,0,0,0,0,0,0,0,0,1,0,0,0,0
donepizil,1,1,0,1,1,0,0,0,0,0,0,0,0,0,0,0,1,0,1,0,0,0,1,0,1,0,0,0,0,0,0,1,0
xanthoparmelia,1,1,0,0,0,0,0,0,0,0,0,0,0,0,0,0,0,0,0,1,0,0,0,0,1,0,0,0,0,0,0,0,0
methylenedioxypyrovalerone,3,0,0,0,1,0,0,2,1,0,0,0,0,0,0,0,1,0,2,1,0,0,2,1,3,0,0,0,1,0,0,0,1
escholidine,1,1,0,0,1,0,0,0,0,0,0,0,0,0,0,0,0,0,0,0,0,0,0,0,0,0,0,0,0,0,0,0,0
hydroquinone,0,1,0,0,2,1,0,1,0,0,0,1,0,0,0,0,1,0,1,2,0,0,1,0,2,0,0,0,0,0,0,0,0
thalidomide,0,0,0,0,0,0,0,0,0,0,0,0,0,0,0,0,0,0,0,0,0,0,1,0,1,0,0,0,0,0,0,0,0
moonshine,5,0,0,0,5,1,0,0,0,0,0,0,0,0,0,0,1,0,1,2,0,1,1,0,4,2,0,0,0,0,1,4,0
antidepressant,106,60,2,8,60,42,0,31,21,10,6,9,4,1,0,4,57,1,55,70,1,18,46,12,106,5,0,0,27,9,41,40,2
triphenylphosphine,0,0,0,0,0,0,0,0,0,0,0,0,0,0,0,0,0,0,0,0,0,0,0,0,1,0,0,0,0,0,0,0,0
cyclohexanone,0,0,0,0,1,0,0,0,0,0,0,0,0,0,0,0,0,0,0,0,0,0,0,0,0,0,0,0,0,0,0,0,0
cannabidiol,3,3,0,1,2,0,0,1,0,0,0,0,0,0,0,0,1,0,1,2,0,0,2,0,2,0,0,0,1,0,1,0,0
phenylmethylpiperazine,1,0,0,0,0,0,0,0,0,0,0,0,0,0,0,0,2,0,0,0,0,0,1,0,1,0,0,0,0,0,0,0,0
phenoxyethanol,1,1,0,0,0,0,0,0,1,0,0,0,0,0,0,0,0,0,1,0,1,0,0,0,0,0,0,0,0,0,0,0,0
indomethacin,1,0,0,0,0,1,1,2,1,1,0,0,0,0,0,0,1,0,1,1,0,0,1,0,2,0,0,0,0,1,0,0,0
lasiantha,1,1,0,0,1,1,0,1,1,0,0,0,0,0,0,0,1,0,1,1,0,0,1,0,1,0,0,0,0,1,1,0,1
glucosamin,0,0,0,0,0,1,0,0,0,0,0,0,0,0,0,0,0,0,0,0,0,0,1,0,1,0,0,0,0,1,0,1,0
dialkyltryptamine,0,0,0,0,0,0,0,0,0,0,0,1,0,0,0,0,0,0,0,0,0,0,0,0,0,0,0,0,0,0,0,0,0
tequila,21,6,0,3,12,4,1,4,2,1,2,3,0,0,0,0,11,0,9,10,0,5,6,2,23,3,0,0,5,1,8,12,1
diamorphine,1,1,0,0,1,1,0,1,0,0,0,0,0,0,0,0,0,0,0,0,0,0,1,0,1,0,0,0,0,0,0,1,0
cannabinoid,6,2,0,0,3,2,0,1,1,1,0,2,1,0,0,0,1,0,4,1,0,0,3,0,5,0,0,0,1,0,5,2,0
dextrallorphan,0,1,0,0,0,0,0,0,0,0,0,0,0,0,0,0,1,0,0,0,0,0,0,0,0,0,0,0,0,0,0,0,0
hydrocotarnine,1,0,0,0,1,1,0,0,0,0,0,0,0,0,0,0,0,0,0,1,0,0,1,0,1,0,0,0,0,0,0,0,0
benzylethylamine,0,0,0,0,1,0,0,0,0,0,0,0,0,0,0,0,0,0,0,0,0,1,0,0,1,0,0,0,0,0,1,0,0
piperadine,0,1,0,0,0,0,0,0,1,0,0,0,0,0,0,0,0,0,0,0,0,0,1,0,0,0,0,0,0,0,0,0,0
thebaine,16,4,1,0,11,11,0,1,1,3,0,0,1,0,0,0,7,1,3,4,0,4,7,1,23,0,0,0,0,0,13,4,3
rhychophylline,1,0,0,0,1,0,0,0,0,0,0,0,0,0,0,0,0,0,0,0,0,0,0,0,0,0,0,0,1,0,0,0,0
phytosteroid,1,1,1,0,1,1,0,1,0,0,0,1,0,0,0,0,1,0,0,1,0,0,1,1,1,0,0,0,0,1,0,0,0
chamomile,32,22,0,0,15,12,0,5,2,1,0,2,3,0,0,1,19,0,9,14,0,2,14,4,28,1,0,0,3,3,11,12,2
MDMA,620,265,5,30,315,127,2,78,103,34,23,46,36,2,0,18,246,6,229,449,0,87,264,59,566,24,2,0,145,17,177,256,22
cannabinol,1,0,0,0,1,1,0,0,0,0,0,1,0,0,0,0,0,0,0,1,0,0,1,0,3,0,0,0,0,0,1,1,0
bufotenin,36,13,1,2,17,14,0,8,3,1,1,7,3,0,0,2,21,1,15,37,2,5,24,5,30,1,0,0,6,7,16,6,2
vardenafil,1,1,0,0,1,1,0,1,1,0,0,1,0,0,0,0,1,0,1,0,0,1,1,1,1,1,0,0,0,1,1,0,0
bromopheniramine,1,0,0,0,0,0,0,0,0,0,0,0,0,0,0,0,0,0,0,0,0,1,0,0,0,0,0,0,0,0,1,1,0
entheogen,8,3,0,0,4,0,0,0,1,0,0,0,0,0,0,0,5,0,4,6,0,1,3,0,6,0,0,0,1,1,2,3,0
zecatechichi,1,1,0,0,0,1,0,0,0,1,0,0,0,0,0,0,2,0,0,0,0,0,2,0,2,0,0,0,0,0,0,1,0
tubocurarine,0,0,0,0,0,0,0,1,0,0,0,0,0,0,0,1,1,0,0,0,0,0,0,0,0,0,0,0,0,0,1,0,0
pseudoindoxole,0,0,0,0,0,0,0,0,0,0,0,0,0,0,0,0,0,0,0,0,0,0,0,0,1,0,0,0,0,0,0,0,0
thioalkaloids,1,1,0,0,1,0,0,0,0,0,0,0,0,0,0,0,1,1,0,1,0,0,1,0,1,0,0,0,1,0,1,1,0
bradykinin,0,0,0,0,0,0,0,0,0,0,0,0,0,0,0,0,0,0,0,0,0,0,0,0,0,0,0,0,0,0,0,0,0
epinephrine,50,27,1,2,36,18,0,14,12,1,1,7,5,2,0,2,29,1,30,34,2,10,19,6,55,2,0,0,13,4,16,23,6
methandrostenolone,0,0,0,0,0,1,0,0,0,0,0,0,0,0,0,0,0,0,0,0,0,0,0,1,1,0,0,0,0,0,1,0,0
trimethoxyphenethylamine,0,0,0,0,0,0,0,0,0,0,0,0,0,0,0,0,1,0,0,2,0,0,0,0,1,0,0,0,0,0,1,1,0
peginterferon,0,0,0,0,1,0,0,0,0,0,0,0,0,0,0,0,1,0,0,0,0,0,0,0,0,0,0,0,0,0,1,0,0
dehydromorphine,0,1,0,0,0,0,0,1,0,0,0,0,0,0,0,0,0,0,0,0,0,0,1,0,1,0,0,0,0,0,0,0,0
oxymetazoline,0,0,0,0,1,0,0,0,0,0,0,0,0,0,0,0,1,0,0,1,0,0,0,0,1,0,0,0,0,0,0,0,0
shroomtea,1,2,0,0,1,2,0,0,0,0,0,0,0,0,0,0,0,0,0,1,0,0,0,0,1,0,0,0,1,0,0,0,0
phenylpropanolamine,7,2,1,0,6,3,0,0,2,1,0,1,1,0,0,0,5,1,5,2,0,2,5,0,6,0,0,0,0,1,4,1,0
THC,7,2,0,0,7,1,0,1,0,3,0,0,0,0,0,1,5,0,4,5,0,1,4,1,10,3,0,0,1,0,8,4,0
phenylpropenes,0,0,0,0,0,1,0,0,0,1,0,0,0,0,0,0,1,0,1,1,0,0,1,0,0,0,0,0,0,0,0,0,0
dpt,84,37,0,2,51,18,0,9,7,5,2,11,3,0,0,0,35,0,31,78,0,14,34,9,88,7,1,0,27,3,32,33,3
haramala,0,0,0,0,0,0,0,0,0,0,0,0,0,0,0,0,0,0,0,0,0,0,1,0,0,0,0,0,0,0,0,0,0
putricine,0,0,0,0,0,0,0,0,0,0,0,0,0,0,0,0,0,0,0,0,0,0,0,0,1,0,0,0,0,0,0,0,0
nitromethane,0,0,0,0,0,0,0,0,0,0,0,0,0,0,0,0,0,0,0,0,0,0,0,0,0,0,0,0,0,0,1,1,0
metabisulphite,1,0,0,0,1,0,0,0,0,0,0,0,0,0,0,0,0,0,0,0,0,0,0,0,1,0,0,0,0,0,0,0,0
mdmethcathinone,0,1,0,0,0,0,0,0,1,0,0,0,0,0,0,0,0,0,0,0,0,0,0,0,1,0,0,0,0,0,0,0,0
elecampane,1,0,0,0,1,0,0,0,0,0,0,0,0,0,0,0,1,0,0,0,0,0,0,0,1,1,0,0,0,1,2,0,0
myristicin,12,7,0,1,6,12,0,2,5,3,0,1,0,0,0,1,13,0,4,12,0,0,8,0,11,0,0,0,0,4,5,3,2
furoxone,0,0,0,0,0,1,0,1,0,0,0,0,0,0,0,0,0,0,0,0,0,0,0,0,1,0,0,0,0,0,0,0,0
benzylpiperazine,4,4,0,0,5,0,0,0,3,0,0,0,0,0,0,0,2,0,3,3,0,3,2,0,8,0,1,0,0,1,0,4,0
mesalazine,0,0,0,0,0,0,0,0,0,0,0,0,0,0,0,0,0,0,0,0,0,0,0,0,0,0,0,0,0,0,0,0,0
krypton,1,1,0,0,1,0,0,0,0,1,0,0,0,0,0,0,0,0,0,0,0,0,0,0,2,0,0,0,0,0,0,0,0
turbinafine,0,0,0,0,0,1,0,0,0,0,0,0,0,0,0,0,0,0,0,0,0,0,0,0,0,0,0,0,0,0,0,0,0
ibobgaine,0,0,0,0,0,0,0,0,0,0,0,0,0,0,0,0,0,0,0,0,0,0,0,0,0,0,0,0,0,0,0,0,0
phenylamine,0,0,0,0,0,0,0,0,0,0,0,0,0,0,0,0,0,0,0,1,0,0,0,0,0,0,0,0,0,0,0,0,0
entactogen,6,3,0,0,2,1,0,2,1,0,0,1,1,1,0,1,2,1,2,6,0,1,4,1,2,0,0,0,1,0,3,0,0
methylprednisolone,2,1,0,0,1,1,0,1,0,0,0,2,0,1,1,0,1,1,1,0,0,2,2,1,2,1,0,0,1,1,1,1,1
benzonatate,1,1,0,0,0,0,0,1,0,0,0,0,0,0,0,0,0,0,0,0,0,0,0,0,1,0,0,0,0,0,0,0,0
benzylpiperazines,1,0,0,0,1,0,0,0,0,0,0,0,0,0,0,0,0,0,0,0,0,0,0,0,0,0,0,0,0,0,0,0,0
iodoamphetamine,1,1,0,0,0,0,0,0,0,0,0,0,0,0,0,0,1,0,0,0,0,0,1,0,1,0,0,0,0,0,0,0,1
diflunisal,0,1,0,0,0,1,0,0,1,0,0,0,0,0,0,0,1,0,0,1,0,0,0,0,1,0,0,0,0,1,1,0,0
dimethylglyoxime,0,0,0,0,1,0,0,0,0,0,0,0,0,0,0,0,0,0,0,0,0,1,0,0,1,0,0,0,0,0,1,0,0
xerampelina,0,0,0,0,0,1,0,0,0,0,0,0,0,0,0,0,0,0,0,0,0,0,0,0,0,0,0,0,0,0,0,0,0
methylsafrylamin,0,0,0,0,0,0,0,0,0,0,0,0,0,0,0,0,0,0,0,0,0,0,0,0,0,0,0,0,0,0,0,1,0
dextromoramide,0,0,0,0,0,0,0,0,0,0,0,0,0,0,0,0,0,0,0,0,0,0,0,0,0,0,0,0,0,0,0,0,0
taquimbalensis,0,0,0,0,0,1,0,0,0,0,0,0,0,0,0,0,0,0,0,0,0,0,0,0,0,0,0,0,0,0,0,0,0
trichocereine,2,1,0,1,1,1,0,1,0,0,0,0,0,0,0,0,1,0,0,2,0,0,1,0,2,1,0,0,1,1,1,1,0
levophacetoperane,1,0,0,0,1,1,0,0,0,0,0,0,1,0,0,0,1,1,1,1,0,1,1,0,1,0,0,0,0,0,0,0,0
nitropropene,0,0,0,0,1,0,0,0,0,0,0,0,0,0,0,0,0,0,0,0,0,1,0,0,1,0,0,0,0,0,1,0,0
roxicocone,0,0,0,0,0,0,0,0,0,0,0,0,0,0,0,0,0,0,0,0,0,0,0,0,0,0,0,0,0,0,0,0,0
doxepin,1,0,0,0,0,0,0,1,1,1,0,0,0,0,0,0,0,0,0,0,0,0,0,0,0,0,0,0,0,0,0,0,0
diethlylamine,1,1,0,0,1,0,0,1,0,0,0,1,0,0,0,0,0,0,1,1,0,0,0,0,1,0,0,0,1,0,1,1,0
balminil,1,0,0,0,1,0,0,0,0,0,0,0,0,0,0,0,1,0,0,0,0,0,0,0,0,0,0,0,0,0,0,0,0
methoxyethyl,0,0,0,0,0,0,0,0,0,0,0,0,0,0,0,0,0,0,0,0,0,0,0,0,0,0,0,0,0,0,0,0,0
eosin,0,1,0,0,1,0,0,0,0,0,0,0,0,0,0,0,1,0,0,0,0,0,0,0,0,0,0,0,0,0,0,0,0
methoxazole,1,0,0,0,0,0,0,0,0,0,0,0,0,0,0,0,1,0,0,0,0,0,0,0,0,0,0,0,0,0,0,0,0
psuedophryamines,0,0,0,0,0,0,0,0,0,0,0,0,0,0,0,0,0,0,0,0,0,0,1,0,0,0,0,0,0,0,0,0,0
anticholinergic,3,4,0,1,1,1,0,1,0,0,0,0,0,0,0,0,5,0,3,4,0,1,5,1,5,0,0,0,0,0,1,0,0
empathogen,22,10,0,1,9,3,0,2,4,2,1,0,1,0,0,0,10,1,3,16,0,3,9,3,13,0,0,0,3,0,7,5,0
sympathomimetic,1,2,0,0,0,1,0,2,0,0,0,0,0,0,0,0,2,0,2,2,0,0,2,0,1,1,0,0,1,0,2,0,0
beta-blocker,0,0,0,0,0,0,0,0,0,0,0,0,0,0,0,0,0,0,0,0,0,0,0,0,0,0,0,0,0,0,0,0,0
deliriant,9,8,0,1,5,3,0,0,1,1,0,1,2,0,0,0,13,0,4,12,0,2,9,0,12,0,0,0,5,1,4,4,0
venlafaxine,9,3,0,1,3,3,0,2,3,0,0,1,0,0,0,0,3,0,5,4,0,1,2,2,8,1,0,0,1,1,2,4,0
methylbenzene,1,0,0,0,0,0,0,0,0,0,0,0,0,0,0,0,1,0,0,0,0,0,1,0,1,0,0,0,0,0,0,0,0
phentolamine,2,2,0,0,1,3,0,2,1,0,0,1,0,0,0,0,2,0,2,1,0,2,2,1,3,1,0,0,0,1,1,1,0
hyoscyamine,34,24,1,1,14,13,0,4,3,0,2,2,1,0,0,0,23,1,15,26,1,6,24,4,35,0,0,0,11,3,18,16,0
ipratropium,0,0,0,0,0,0,0,0,0,0,0,0,0,0,0,0,1,0,0,0,0,0,1,0,0,1,0,0,0,0,1,0,0
pennyroyal,0,0,0,0,0,1,1,0,0,1,0,0,0,0,0,0,1,0,1,1,0,0,1,0,0,0,0,0,0,0,1,1,0
trimethylaminomethyl,1,1,0,0,0,0,0,0,0,0,0,0,1,0,0,0,1,0,0,1,0,0,0,0,1,0,0,0,0,0,0,0,0
oxyracetam,0,0,0,0,0,0,0,0,0,0,0,0,0,0,0,0,0,0,1,0,0,0,0,0,2,0,0,0,0,0,1,0,0
parahydroxyamphetamine,0,0,0,0,0,0,0,0,0,0,0,0,0,0,0,0,1,0,1,0,0,0,0,0,0,0,0,0,0,0,0,0,0
phallotoxin,0,0,0,0,0,1,0,0,0,0,0,0,0,0,0,0,0,0,0,0,0,1,1,0,1,0,0,0,0,0,0,0,1
hawaiians,0,0,0,0,0,0,0,0,0,0,0,0,0,0,0,0,0,0,0,0,0,0,0,0,0,0,0,0,0,0,0,0,0
isohexane,0,0,0,0,0,0,0,0,0,0,0,0,0,0,0,0,0,0,0,0,0,0,0,0,1,0,0,0,0,0,0,1,0
phenylephrine,1,1,0,0,0,0,0,0,1,0,0,0,0,0,0,0,0,0,0,0,0,0,1,0,1,0,0,0,0,0,0,0,0
quinine,5,2,0,1,7,2,0,1,0,0,0,1,1,0,0,0,5,0,4,1,0,0,4,0,9,1,0,0,1,5,3,3,1
cathinone,15,5,0,1,12,2,0,2,2,0,0,2,1,0,0,0,6,1,6,5,0,3,8,4,15,0,0,0,1,0,4,2,0
tetracaine,0,0,0,0,0,0,0,0,0,0,0,0,0,0,0,0,0,0,0,0,0,0,0,0,1,0,0,0,0,0,0,0,0
dimethyltryptamine,13,8,0,1,12,6,0,6,3,2,1,5,1,0,0,0,8,0,10,22,0,6,14,2,19,1,0,0,6,2,14,3,2
epilobium,0,0,0,0,0,0,0,0,0,0,0,0,0,0,0,0,0,0,0,1,0,0,1,0,1,0,0,0,0,0,1,0,0
desmethylprodine,1,1,0,0,2,1,0,0,0,0,0,0,1,0,0,0,2,1,2,2,0,1,2,0,1,0,0,0,0,0,1,0,0
thymiquinone,1,0,0,0,1,1,0,0,0,0,0,0,1,0,0,0,1,1,1,1,0,1,1,0,1,0,0,0,0,0,0,0,0
methoxyamphetamine,2,2,0,0,2,2,0,2,2,0,0,0,0,0,0,0,2,0,2,2,0,0,2,0,2,0,0,0,0,2,2,0,2
gyromitrin,1,0,0,0,0,0,0,0,0,0,0,0,0,0,0,0,0,0,0,0,0,0,0,0,0,0,0,0,0,0,1,0,0
vecuronium,0,0,0,0,0,1,0,0,1,0,0,0,0,0,0,0,1,0,0,0,0,0,1,0,1,0,0,0,0,0,0,0,0
bromoureide,0,1,0,0,0,0,0,0,0,0,0,0,0,0,0,0,1,0,0,0,0,0,0,0,1,0,0,0,0,0,0,0,0
chlorphentermine,1,0,0,0,1,1,0,0,0,0,0,0,1,0,0,0,1,1,1,1,0,1,1,0,1,0,0,0,0,0,0,0,0
furazolidone,4,2,0,1,2,2,0,4,1,0,0,2,0,0,0,0,1,0,2,2,0,0,3,0,2,0,0,0,1,0,2,0,1
dichloromethane,6,1,1,0,3,5,0,1,0,0,0,0,0,0,0,1,3,0,1,5,0,1,1,1,8,1,0,0,1,0,6,4,0
methylnaltrexone,0,0,0,0,0,1,0,1,0,1,0,0,0,0,1,0,0,0,0,0,0,0,0,0,0,0,0,0,0,0,0,0,0
yohimbol,0,0,0,0,0,1,0,0,0,0,0,0,0,0,0,0,0,0,0,0,0,0,1,0,0,0,0,0,0,0,0,0,0
azapropazone,0,0,0,0,0,0,1,0,0,0,0,0,0,0,0,0,1,0,0,1,0,0,1,0,1,0,0,0,0,0,0,0,0
mystagogue,3,1,0,0,2,1,0,0,0,2,1,0,0,0,0,0,1,1,1,4,0,0,3,1,4,0,0,0,0,1,0,1,0
busprione,2,1,0,0,0,0,0,0,0,0,0,0,0,0,0,0,1,0,0,0,0,1,1,0,2,0,0,0,0,0,1,0,0
diisopropyltryptamine,3,2,0,1,2,1,0,0,1,0,0,0,0,0,0,0,2,0,1,3,0,2,2,0,3,0,0,0,1,0,1,1,0
buprenorphine,17,9,0,1,10,9,0,2,2,2,2,2,0,0,0,0,11,1,7,6,0,2,11,2,14,1,0,0,0,3,10,6,4
hydroxyindolenine,0,0,0,0,0,0,0,0,0,0,0,0,0,0,0,0,0,0,0,0,0,0,0,0,0,0,0,0,0,0,0,0,0
bynzydamine,0,1,0,0,0,1,0,0,1,0,0,0,0,0,0,0,1,0,0,1,0,0,0,0,1,0,0,0,0,1,1,0,0
hydroxylators,0,0,1,0,1,0,0,0,0,0,0,1,0,0,0,0,1,0,0,0,0,0,1,0,1,0,0,0,0,0,0,0,0
hydroxyindole,1,0,0,0,1,0,0,0,0,0,0,0,0,0,0,0,1,0,1,0,0,0,0,0,0,0,0,0,0,0,0,0,0
furamate,1,0,0,0,0,0,0,0,0,0,0,0,0,0,0,0,0,0,0,1,0,0,0,0,0,0,0,0,0,0,0,0,0
anadenthera,0,0,0,0,0,0,0,0,0,0,0,0,0,0,0,0,0,0,0,0,0,0,0,0,0,0,0,0,0,0,0,0,0
imipramine,2,2,1,0,2,2,0,2,1,0,0,1,0,0,0,0,2,0,2,0,0,1,1,2,2,2,0,0,0,1,2,0,0
arundunacea,0,0,0,0,0,0,0,0,0,0,0,0,0,0,0,0,0,0,0,1,0,0,0,0,0,0,0,0,0,0,0,0,0
isoqualones,0,0,0,0,0,0,0,0,0,0,0,0,0,0,0,0,0,0,0,0,0,0,0,0,1,0,0,0,0,0,0,0,0
thienobenzodiazapine,2,1,0,0,1,0,0,0,0,0,0,1,0,0,0,0,1,0,2,1,0,0,1,0,2,0,0,0,2,0,1,2,0
trifluoromethylbenzylpiperazine,0,0,0,0,0,0,0,0,0,0,0,0,0,0,0,0,1,0,0,0,0,0,0,0,0,0,0,0,0,0,0,0,0
GABAergic,3,2,0,0,1,1,0,1,1,0,0,0,0,0,0,0,2,0,2,0,0,0,3,1,2,0,0,0,2,0,0,2,0
rextallization,1,0,0,0,0,0,0,0,0,0,0,1,0,0,0,0,0,0,0,0,0,0,1,0,1,0,0,0,0,0,1,1,0
indoleamine,0,1,0,0,2,0,0,1,0,0,0,1,0,0,0,0,2,0,2,2,0,0,1,2,2,1,0,0,0,0,2,0,0
isobutylmethylxanthine,0,0,0,0,1,0,0,0,0,0,0,1,0,0,0,0,1,0,1,1,0,0,0,1,1,1,0,0,0,0,1,0,0
hydrocodone,92,43,0,1,43,55,0,13,7,4,2,4,6,1,0,1,27,4,31,27,0,8,39,4,103,3,1,0,5,5,30,33,4
xylazine,0,0,0,0,1,0,0,0,0,0,0,0,0,0,0,0,0,0,0,0,0,0,0,0,1,0,0,0,0,0,1,0,0
hydromorphone,33,13,0,0,11,13,0,4,0,1,0,1,3,0,0,1,12,2,13,8,0,1,12,3,37,1,0,0,4,3,10,14,2
benzodiazepines,0,0,0,0,0,0,0,0,0,0,0,0,0,0,0,0,0,0,0,0,0,0,0,0,0,0,0,0,0,0,0,0,0
bacopasides,0,0,1,0,0,1,0,0,0,0,0,0,0,0,0,0,0,0,0,0,0,0,0,1,0,1,0,0,0,0,1,0,0
antidysrhythmic,1,1,0,0,0,1,0,1,0,0,0,0,0,0,0,0,1,0,1,0,0,0,1,0,1,0,0,0,0,0,0,1,0
entheobotanical,2,0,0,0,1,1,0,0,0,0,0,0,0,0,0,0,0,0,1,2,0,0,2,0,2,0,0,0,0,0,0,1,0
dimethylmethcathinone,0,0,0,0,0,0,0,0,0,0,0,1,0,0,0,1,1,0,0,0,0,0,1,0,0,0,0,0,0,0,0,0,0
domperidone,0,0,0,0,1,0,0,0,0,0,0,1,0,0,0,0,0,0,0,0,0,0,0,0,1,0,0,0,0,0,0,0,0
pernod,3,2,0,0,5,3,0,1,1,0,0,0,0,0,0,0,3,0,2,2,0,1,2,0,5,0,0,0,0,1,5,1,1
hydroxytropane,1,1,0,1,1,1,0,0,0,0,0,0,0,0,0,0,0,1,0,1,0,0,1,0,1,0,0,0,1,0,1,0,0
suboxone,2,1,0,0,1,1,0,0,0,0,0,0,0,0,0,0,1,0,0,0,0,1,0,0,1,0,0,0,0,0,0,1,1
dehydroepiandrosterone,1,1,0,0,0,1,0,1,1,0,0,1,0,1,0,1,1,0,1,1,0,0,1,1,2,0,0,0,0,0,2,0,0
tryptamine,208,91,2,10,98,55,0,26,20,10,10,24,7,1,0,2,102,3,72,211,2,38,68,19,208,12,1,0,62,9,75,85,9
hydroxyzine,4,5,0,0,4,1,0,1,0,0,0,1,0,1,1,0,4,1,1,0,0,2,2,1,8,1,0,0,0,1,4,1,1
benzylpiperadine,0,0,0,0,0,0,0,0,0,0,0,0,0,0,0,0,0,0,0,0,0,0,0,0,1,0,0,0,0,0,0,0,0
isoniazid,1,1,0,0,0,1,0,1,1,0,0,0,0,0,0,0,0,0,1,0,0,0,1,0,1,0,0,0,0,0,1,0,0
amainita,1,0,0,0,0,0,0,0,0,0,0,0,0,0,0,0,1,0,0,1,0,0,1,0,1,0,0,0,0,0,0,0,0
propenylbenzenes,1,0,0,0,0,1,0,0,1,0,0,0,0,0,0,0,0,0,0,0,0,0,1,0,1,0,0,0,0,0,0,0,0
dimethylbenzene,1,1,1,0,1,1,0,1,0,0,0,1,0,0,0,0,1,0,0,1,0,0,1,1,1,0,0,0,0,1,0,0,0
tetrodotoxin,1,0,0,0,0,1,0,0,0,0,0,0,0,0,0,0,1,0,0,1,0,0,0,0,1,0,0,0,1,0,0,0,0
pholcodine,0,0,0,0,0,0,0,0,0,0,0,0,0,0,0,0,0,0,0,0,0,0,0,0,0,0,0,0,0,0,0,0,0
scelerotia,0,0,0,0,0,1,0,0,0,0,0,0,0,0,0,0,0,0,0,0,0,0,0,0,0,0,0,0,0,0,0,0,0
tampenensis,1,1,0,1,1,0,0,0,0,0,0,0,0,0,0,0,1,0,1,1,0,0,0,0,1,0,0,0,0,0,1,0,0
cipramil,2,1,0,0,2,2,0,1,1,0,0,1,0,0,0,0,3,0,3,1,0,1,1,1,3,1,0,0,0,1,2,0,0
grayanotoxin,1,0,0,0,1,1,0,0,0,0,0,0,0,0,0,0,1,0,0,0,0,0,1,0,1,0,0,0,0,0,0,0,0
palytoxin,0,0,0,0,0,0,0,0,0,0,0,0,0,0,0,0,0,0,0,0,0,0,0,0,0,0,0,0,0,0,0,0,0
piperanzine,0,0,0,0,0,0,0,0,0,0,0,0,0,0,0,0,0,0,0,0,0,0,0,0,0,0,0,0,0,0,0,0,0
oncoprotein,0,0,0,0,0,0,0,0,0,0,0,0,0,0,0,0,0,0,0,0,0,0,0,0,0,0,0,0,0,0,0,0,0
olanzapine,13,8,0,1,10,2,0,4,1,0,0,2,1,0,0,1,7,0,15,8,0,1,4,1,16,0,0,0,4,1,7,4,0
dichloromethanesodium,1,0,0,0,0,0,0,0,0,0,0,0,0,0,0,0,0,0,0,0,0,0,0,0,0,0,0,0,0,0,0,0,0
debrisoquin,1,1,0,0,0,0,0,1,1,0,0,1,0,1,0,1,1,0,1,1,0,0,1,0,1,0,0,0,0,0,1,0,0
glycine,2,2,0,0,0,1,0,0,1,1,0,1,0,0,0,1,1,0,2,0,1,0,2,1,2,0,0,0,2,0,1,0,0
indoleethylamine,1,0,0,0,0,0,0,0,0,0,0,0,0,0,0,0,0,0,0,1,0,1,0,0,1,0,0,0,0,0,0,0,0
dimethoxyphenethylamine,0,0,0,0,0,0,0,0,0,0,0,0,0,0,0,0,0,0,0,2,0,0,0,0,0,0,0,0,0,1,0,1,0
phenethylaminey,1,1,0,0,0,0,0,0,0,0,0,0,0,0,0,0,1,0,0,1,0,0,1,0,1,0,0,0,0,0,0,0,0
ubiquinone,2,1,0,0,1,1,0,2,1,1,0,0,0,0,0,0,1,0,1,1,0,0,2,0,3,0,0,0,0,0,1,1,1
loperamide,5,1,0,0,5,7,0,2,0,0,0,0,2,0,0,0,3,1,2,3,0,1,2,2,7,0,0,0,0,0,2,4,1
yew,3,1,0,0,3,2,0,0,1,0,0,1,0,0,0,0,1,0,1,2,0,2,2,0,2,0,0,0,3,1,1,0,0
ethylalkane,1,1,0,0,0,0,0,0,0,0,0,0,0,0,0,0,1,0,1,1,0,0,0,1,1,0,0,0,0,0,0,0,0
phenylmethyl,0,0,0,0,0,0,0,0,0,0,0,0,0,0,0,0,1,0,0,0,0,0,0,0,0,0,0,0,0,0,0,0,0
ergocornine,1,0,0,0,0,0,0,0,0,0,0,0,0,0,0,1,0,0,0,0,0,0,0,0,1,0,0,0,1,0,1,0,1
drambuie,0,0,0,0,0,2,0,0,0,0,0,0,0,0,0,0,0,0,0,1,0,2,0,0,1,0,0,0,0,0,0,0,0
methylacetylene,1,0,0,0,0,0,0,0,0,0,0,0,0,0,0,0,0,0,0,0,0,0,0,0,0,0,0,0,0,0,0,0,0
fentanyl,39,15,1,1,20,18,0,5,6,6,3,2,3,0,2,0,16,2,14,12,0,4,21,2,44,1,0,0,1,5,19,14,3
chartreuse,2,0,0,0,2,4,0,0,0,0,0,0,0,0,0,0,1,0,1,1,0,2,0,0,6,0,0,0,0,0,2,2,0
dihydrotestosterone,0,0,0,0,0,0,0,0,0,0,0,0,0,0,0,0,0,0,0,0,0,1,0,0,0,0,0,0,0,0,0,0,1
periwinkle,3,2,0,0,2,2,0,2,2,0,0,0,0,0,0,0,3,0,2,3,0,0,3,0,4,0,0,0,0,2,2,1,2
phenethylamine,131,65,0,9,71,35,0,24,19,6,2,14,7,2,0,4,72,4,54,139,0,17,51,10,117,6,0,0,30,5,49,49,5
clindamycin,1,0,0,1,0,0,0,1,0,0,0,0,0,0,0,0,0,0,1,1,0,0,0,0,1,1,0,0,1,1,0,1,1
methanamine,0,0,0,0,0,0,0,0,0,0,0,0,0,0,0,0,1,0,0,1,0,0,0,0,0,0,0,0,0,0,0,1,0
clopixol,0,1,0,0,0,0,0,0,0,0,0,0,0,0,0,0,0,0,0,0,0,0,0,0,1,0,0,0,0,0,0,0,0
diphenoxylate,1,0,0,0,0,1,0,0,0,0,0,0,0,0,0,0,1,0,1,1,0,0,1,0,1,0,0,0,0,0,0,1,0
diphenhydramine,8,9,0,0,5,1,0,3,1,0,0,2,0,0,0,0,9,0,4,5,0,0,3,0,7,0,0,0,2,0,2,6,0
sulprostone,1,1,0,0,1,1,0,1,0,0,0,1,0,1,1,0,0,1,1,0,0,1,1,1,1,1,0,0,0,1,1,1,1
adrafinil,9,7,1,1,3,1,0,3,1,0,1,1,0,0,0,0,3,0,3,3,0,1,7,1,8,1,0,0,1,1,3,4,0
allocryptopine,2,1,0,0,2,1,0,0,0,0,0,0,0,0,0,0,0,0,0,1,0,0,1,0,1,0,0,0,0,0,0,0,0
ophiophagus,0,0,0,0,0,1,0,0,0,0,0,0,0,0,0,0,1,0,0,0,0,0,0,0,1,0,0,0,0,0,0,0,0
cyanonapthanols,1,1,0,0,1,0,0,0,0,0,0,0,0,0,0,0,0,0,1,0,0,0,1,0,1,0,0,0,0,0,1,0,0
psychotogen,2,2,0,0,2,1,0,1,1,0,0,1,1,1,0,1,3,1,3,3,0,1,3,0,2,0,0,0,0,0,2,0,0
hydropalmatine,0,0,0,0,0,0,0,0,0,0,0,0,0,0,0,0,0,0,0,0,0,0,0,0,1,0,0,0,0,0,0,0,0
kavalacatones,0,0,0,0,0,1,0,0,0,0,0,0,0,0,0,0,0,0,0,0,0,0,0,0,0,0,0,0,0,0,0,0,0
antiseptic,7,5,0,0,8,6,0,1,3,2,0,1,1,0,0,1,3,0,2,4,0,0,8,1,12,2,0,0,3,5,9,5,0
butorphanol,1,0,0,0,0,0,0,0,0,0,0,0,0,0,0,0,2,0,1,0,0,0,1,0,1,0,0,0,0,0,1,1,0
tegretol,3,1,0,1,1,1,0,0,0,0,0,0,0,0,0,0,2,1,2,1,0,0,1,0,3,0,0,0,2,0,1,2,0
ragwort,0,0,0,0,1,2,1,0,0,1,0,0,0,0,0,0,1,0,1,1,0,0,3,0,0,0,0,0,0,1,2,1,0
isouinolines,0,0,0,0,0,0,0,0,0,0,0,0,0,0,0,0,0,0,0,0,0,0,0,0,0,0,0,0,0,0,0,0,0
methylnitrosoamino,1,0,0,0,0,0,0,1,0,1,0,0,0,0,0,0,1,0,0,0,0,0,0,0,0,0,0,0,0,0,1,0,0
methylxanthines,3,2,1,0,2,1,0,2,0,0,0,1,0,0,0,0,2,0,1,2,0,0,1,1,2,0,0,0,0,1,0,0,0
acetylcholinesterase,1,1,1,0,2,0,0,0,0,0,0,1,0,0,0,0,3,0,0,2,0,0,3,0,3,0,0,0,0,0,2,0,0
diallytryptamine,0,0,0,0,0,0,0,0,0,0,0,0,0,0,0,0,0,0,0,0,0,0,0,0,0,0,0,0,0,0,0,0,0
phenylethylhydrazine,1,0,0,0,1,1,0,0,0,0,0,0,1,0,0,0,1,1,1,1,0,1,1,0,1,0,0,0,0,0,0,0,0
dissociative,0,0,0,0,0,0,0,0,0,0,0,0,0,0,0,0,0,0,0,0,0,0,0,0,1,0,0,0,0,0,0,0,0
morphinans,4,3,0,0,2,2,0,0,0,0,0,0,1,0,0,0,3,1,1,3,0,2,1,0,2,0,0,0,0,0,1,0,0
fluoride,2,0,0,0,2,2,0,0,1,0,0,0,0,0,0,0,0,0,0,2,0,1,1,0,1,0,0,0,0,0,0,0,0
cholecystokinin,1,0,0,0,1,0,0,0,0,0,0,0,0,0,0,0,1,0,1,0,0,0,0,0,1,0,0,0,0,0,1,0,0
norandrostenedione,1,0,0,0,1,0,0,0,0,0,0,0,0,0,0,0,0,0,0,0,0,0,0,0,0,0,0,0,0,0,0,0,0
benzene,25,7,0,1,20,8,0,6,4,7,1,6,1,1,0,1,13,0,10,16,0,2,14,1,31,1,0,0,6,3,17,13,4
mephentermine,1,0,0,0,1,1,0,0,0,0,0,0,1,0,0,0,1,1,1,1,0,1,1,0,1,0,0,0,0,0,0,0,0
phenylalanine,7,7,0,0,1,2,0,1,1,0,0,1,0,0,0,0,3,0,4,4,0,2,5,0,9,0,0,0,1,0,3,2,0
hydrocortisone,2,1,0,1,0,0,0,1,0,0,0,0,0,0,0,0,0,0,2,1,0,0,0,0,2,1,0,0,1,1,0,1,1
dimethoxyallylbenzene,0,0,0,0,1,1,0,0,0,0,0,0,0,0,0,0,0,0,0,0,0,0,1,0,0,0,0,0,0,0,0,0,0
sinicuiche,1,0,0,0,0,0,0,0,0,0,0,0,0,0,0,0,0,0,0,0,0,0,0,0,0,0,0,0,0,0,0,0,0
lysergamides,3,4,0,0,3,2,0,3,0,0,0,1,0,0,0,2,5,0,2,5,0,1,3,1,5,0,0,0,1,0,5,2,0
thioridazine,1,2,0,0,0,1,0,1,1,0,0,0,0,0,0,0,0,0,2,0,0,0,1,0,2,0,0,0,0,0,1,0,0
methylparaben,1,0,0,0,0,0,0,0,0,0,0,0,0,0,0,0,0,0,0,0,0,0,0,0,0,0,0,0,0,0,0,0,0
butylene,1,0,0,0,0,1,0,0,0,0,1,1,0,0,0,0,2,0,1,1,0,1,0,0,1,0,0,0,0,0,0,0,0
voacamine,1,0,0,0,0,0,0,0,0,0,0,0,0,0,0,0,0,0,0,0,0,0,0,0,1,0,0,0,0,0,1,0,0
benzodiazepine,88,52,0,4,39,31,0,23,13,3,1,7,4,2,1,3,51,3,41,29,0,13,50,6,92,3,0,0,15,6,27,37,5
hydroxymethyl,0,0,0,0,0,0,0,0,0,0,0,1,0,0,0,0,0,0,0,0,0,0,0,0,0,0,0,0,0,0,0,0,0
campestris,1,1,0,0,1,0,0,0,0,0,0,0,0,0,0,0,1,0,0,0,0,1,1,0,1,0,0,0,0,0,1,1,0
triazolobenzodiazepines,1,1,0,0,0,0,0,0,0,0,0,0,0,0,0,0,0,0,1,1,0,0,1,0,1,0,0,0,0,0,0,0,0
dehydrocheilantifoline,0,0,0,0,1,1,0,0,0,1,0,1,0,0,0,0,0,0,0,0,0,0,0,0,0,0,0,0,0,0,1,0,0
dynorphine,1,1,0,0,1,0,0,0,0,0,0,0,0,0,0,0,1,0,1,1,0,0,0,0,1,0,0,0,0,0,0,0,0
isocarboxazid,4,1,0,0,2,1,0,4,2,1,0,3,0,0,0,0,1,0,1,1,0,1,2,1,2,1,0,0,1,1,2,0,0
piperidyl,3,1,0,0,2,2,0,0,0,1,0,1,1,0,0,0,1,1,1,2,0,1,3,0,2,0,0,0,1,0,1,0,0
cordifolia,4,4,0,0,3,3,0,1,0,0,0,0,0,0,0,0,2,0,2,3,0,0,1,0,4,0,0,0,0,0,1,0,0
methamphetamine,128,81,2,15,83,37,1,34,23,10,0,11,13,3,1,4,58,4,77,64,0,18,72,11,142,2,1,0,24,10,54,46,5
alkyltrimethylammonium,0,0,0,0,0,0,0,0,0,0,0,1,0,0,0,0,0,0,0,0,0,0,0,0,0,0,0,0,0,0,0,0,0
benzine,0,0,0,0,0,2,0,0,0,1,0,0,0,0,0,0,0,0,0,0,0,0,0,0,1,0,0,0,0,0,1,0,0
tropicamide,2,1,0,0,1,1,0,0,0,0,0,0,0,0,0,0,0,0,0,0,0,0,2,1,2,0,0,0,0,2,0,2,1
pharmacophore,0,0,0,1,0,0,0,1,0,0,0,0,0,0,0,0,0,0,0,1,0,0,1,0,0,0,0,0,0,0,0,0,0
phenylhydrazone,1,0,0,0,0,0,0,0,0,0,0,0,0,0,0,1,0,0,0,0,0,0,0,0,1,0,0,0,1,0,1,0,1
isobutyryl,1,0,0,0,0,0,0,0,0,0,0,0,0,0,0,1,0,0,0,0,0,0,0,0,1,0,0,0,1,0,1,0,1
glycerol,2,1,0,1,3,0,0,0,1,1,0,0,0,0,0,0,1,0,2,1,0,1,1,0,6,0,0,0,0,0,1,0,0
acetamide,0,0,0,0,0,0,0,0,0,0,0,0,0,0,0,0,0,0,1,0,0,0,0,0,1,0,0,0,0,0,1,0,0
phenylpropanoids,1,1,0,0,1,0,0,0,0,0,0,0,0,0,0,0,0,0,0,0,0,0,0,0,0,0,0,0,0,0,0,0,0
z-drug,17,16,0,1,4,6,0,1,1,0,0,0,1,0,0,2,9,0,7,9,0,0,9,2,19,0,0,0,1,0,4,10,1
ketoprofen,2,1,0,0,0,1,1,0,0,0,0,1,1,0,0,0,1,0,0,1,0,0,1,0,2,0,0,0,0,0,0,1,0
indolamine,0,0,0,0,0,0,0,0,0,0,0,0,0,0,0,0,1,0,1,0,0,0,0,0,0,0,0,0,0,0,0,0,1
ecgonine,4,3,0,2,3,3,0,0,0,1,0,1,0,0,0,0,1,1,0,2,0,0,1,0,5,0,0,0,2,0,2,0,0
associative,0,0,0,0,0,0,0,0,0,0,0,0,0,0,0,0,0,0,0,0,0,0,0,0,0,0,0,0,0,0,0,0,0
psychonaut,55,22,0,1,20,11,1,6,4,3,2,4,1,0,0,0,18,1,14,41,0,11,11,5,51,1,1,0,11,1,18,18,4
myrtifolia,2,1,1,0,1,1,0,1,0,0,0,1,0,0,0,0,1,0,1,1,0,0,3,1,2,0,0,0,0,1,0,0,0
bronchodilator,1,1,0,0,1,0,0,2,0,0,0,0,0,0,0,0,0,0,1,0,0,0,0,0,2,0,0,0,0,1,1,0,0
metamizole,1,0,0,0,0,0,1,0,0,0,0,0,0,0,0,0,1,0,1,1,0,0,1,0,2,0,0,0,0,0,0,1,0
cephalosporin,1,0,0,1,0,0,0,1,0,0,0,0,0,0,0,0,0,0,1,1,0,0,0,0,1,1,0,0,1,1,0,1,1
karalensis,0,0,0,0,0,0,0,0,0,0,0,0,0,0,0,0,0,0,0,0,0,0,0,0,0,0,0,0,0,0,0,0,0
norhyoscyamine,3,3,0,1,3,3,0,2,2,0,0,0,0,0,0,0,2,1,2,3,0,0,3,0,3,0,0,0,1,2,3,0,2
prilosec,0,1,0,0,0,0,0,0,0,0,0,1,0,0,0,0,0,0,0,0,0,0,0,0,1,0,0,0,0,0,0,0,0
promethezine,0,1,0,0,0,1,0,0,0,0,0,0,0,0,0,0,0,0,0,0,0,0,0,0,1,0,0,0,0,0,0,0,0
erythropoietin,0,0,0,0,0,1,0,0,0,1,0,0,0,0,0,0,0,0,0,0,0,0,0,0,1,0,0,0,0,0,0,0,0
phenylacetyl,0,0,0,0,0,0,0,0,0,0,0,0,0,0,0,0,0,0,0,0,0,0,0,0,0,0,0,0,0,0,0,0,0
titanium,2,1,0,1,2,2,0,1,1,1,0,1,0,0,0,0,0,0,3,0,1,0,0,0,3,0,0,0,0,0,3,2,1
psicotria,0,0,0,0,0,0,0,0,0,0,0,0,0,0,0,0,0,0,0,0,0,0,0,0,0,0,0,0,0,0,1,0,0
aminomethane,0,0,0,0,1,0,0,0,0,0,0,0,0,0,0,0,1,0,0,1,0,0,0,0,0,0,0,0,0,0,1,1,0
phenacetin,0,0,0,0,1,0,0,0,0,0,0,0,0,0,0,0,0,0,0,0,0,1,0,0,2,0,0,0,0,0,1,0,0
endorphins,0,0,0,0,0,0,0,0,0,0,0,0,0,0,0,0,0,0,0,0,0,0,0,0,0,0,0,0,0,0,0,0,0
nolvadex,0,1,0,0,1,0,0,0,0,0,0,0,0,0,0,0,0,0,0,0,0,0,1,0,1,0,0,0,0,0,0,1,0
methylene,7,0,1,0,5,0,0,2,1,1,1,1,0,0,0,0,3,0,1,4,0,1,1,0,6,0,0,0,1,0,2,5,0
benzotate,0,0,0,0,1,0,0,0,0,0,0,0,0,0,0,0,0,0,0,0,0,0,0,0,0,0,0,0,0,0,0,0,0
aflatoxin,0,0,0,0,0,0,0,0,0,0,0,0,0,0,0,0,0,0,0,0,0,0,1,0,1,1,0,0,0,1,0,1,0
colchicine,2,0,0,0,1,0,0,0,1,0,0,0,0,0,0,0,0,0,0,1,0,0,0,0,2,0,0,0,0,0,1,1,0
foeniscecii,1,0,0,0,1,0,0,0,0,0,0,0,0,0,0,0,0,0,1,0,0,0,1,0,1,0,0,0,0,0,0,1,0
thujjone,0,0,0,0,0,0,0,0,0,0,0,0,0,0,0,0,0,0,0,0,0,0,0,0,1,0,0,0,0,0,0,0,0
jagerbomb,1,0,0,0,0,0,0,0,0,0,0,0,0,0,0,0,0,0,0,0,0,0,0,0,0,0,0,0,0,0,0,0,0
terfenidine,0,1,0,0,0,0,0,0,0,0,0,0,0,0,0,0,0,0,0,0,0,0,0,0,0,0,0,0,0,0,0,1,0
drambouie,0,0,0,0,0,0,0,0,0,0,0,0,0,0,0,0,0,0,0,0,0,0,0,0,0,0,0,0,0,0,0,0,0
ibprofune,0,0,0,0,0,1,0,0,0,0,0,0,0,0,0,0,0,0,1,0,0,0,0,0,0,0,0,0,0,0,0,0,0
neurotoxicant,1,1,0,0,1,0,0,0,1,0,0,0,0,0,0,0,2,0,0,0,0,0,0,0,1,0,0,0,0,1,1,1,0
rolipram,1,1,0,0,1,1,0,1,1,0,0,1,0,0,0,0,1,0,1,0,0,1,1,1,1,1,0,0,0,1,1,0,0
spiroxatrine,0,0,0,0,1,0,0,0,0,0,0,1,0,0,0,0,1,0,1,1,0,0,0,1,1,1,0,0,0,0,1,0,0
piroxicam,0,0,0,0,0,0,1,0,0,0,0,0,0,0,0,0,1,0,0,1,0,0,1,0,1,0,0,0,0,0,0,0,0
thioesters,1,0,0,0,0,1,0,0,0,0,0,0,0,0,0,0,0,0,0,0,0,0,0,0,1,0,0,0,0,1,0,0,0
thymoanaesthetiser,1,1,0,0,1,1,0,1,1,0,0,1,0,0,0,0,1,0,1,0,0,1,1,1,1,1,0,0,0,1,1,0,0
mulberry,4,1,0,0,1,0,0,0,1,0,0,0,1,0,0,0,2,0,0,1,0,1,2,0,4,0,0,0,0,0,0,1,0
propylene,9,2,0,0,1,3,0,0,1,1,0,0,0,0,0,0,5,0,1,5,0,1,2,1,7,0,0,0,0,0,2,5,0
ephedrine,5,3,0,0,1,1,0,1,1,0,0,0,0,0,0,0,0,0,0,1,0,0,2,0,3,0,0,0,0,0,1,0,0
phenethylalkanes,1,1,0,0,0,0,0,0,0,0,0,0,0,0,0,0,1,0,1,1,0,0,0,1,1,0,0,0,0,0,0,0,0
tetrahydroisoquinoline,2,1,0,1,1,1,0,1,0,0,0,0,0,0,0,0,1,0,0,2,0,1,2,0,2,1,0,0,1,0,1,1,0
tetrafluoroethane,0,0,0,0,0,0,0,0,0,0,0,0,0,0,0,0,1,0,0,0,0,0,0,0,0,1,0,0,0,0,1,0,0
phenylhydrazine,1,0,0,0,0,0,0,0,0,0,0,0,0,0,0,1,0,0,0,0,0,0,0,0,1,0,0,0,1,0,1,0,1
trimethylammonium,0,0,0,0,0,0,0,0,0,0,0,0,0,0,0,0,1,0,0,0,0,0,0,0,0,0,0,0,0,0,0,0,0
menthadiene,1,0,0,0,0,0,0,0,0,0,0,0,0,0,0,0,0,0,0,0,0,0,0,0,1,0,0,0,0,1,0,0,0
piparazine,1,0,0,0,0,0,0,0,0,0,0,0,0,0,0,0,1,0,0,0,0,0,1,0,1,0,0,0,0,0,0,0,0
quinolizidines,0,0,0,0,0,0,0,0,0,0,0,0,0,0,0,0,0,0,0,0,0,0,0,0,0,0,0,0,0,0,0,0,0
percocet,29,9,0,0,10,14,0,0,1,2,0,1,0,0,1,0,7,2,7,6,0,2,11,0,30,0,0,0,2,1,10,14,0
mesembrenone,0,0,0,0,0,0,0,0,0,0,0,0,0,0,0,0,1,0,0,0,0,0,0,0,0,0,0,0,0,0,0,0,0
alphamethyltryptamine,2,2,0,0,1,0,0,0,1,0,0,0,1,0,0,0,0,0,1,1,0,1,0,0,2,0,1,0,0,1,0,2,0
doxorubicin,1,0,0,0,1,0,0,0,0,1,0,1,0,0,0,0,0,0,0,0,0,0,1,0,1,0,0,0,0,0,1,0,0
dibenzodioxines,0,0,0,0,0,0,0,0,0,0,0,0,0,0,0,0,0,0,0,0,0,0,0,0,1,0,0,0,0,0,0,0,0
secretagogue,0,1,0,0,1,0,0,0,0,0,0,0,0,0,0,0,1,0,1,0,0,0,0,0,1,0,0,0,0,0,0,0,0
benzomorphans,1,0,0,0,1,1,0,0,0,0,0,0,1,0,0,0,1,1,1,1,0,1,1,0,1,0,0,0,0,0,0,0,0
tetrapterys,1,1,0,0,1,0,0,0,0,0,0,0,0,0,0,0,0,0,0,1,0,0,0,0,1,0,0,0,1,0,1,0,0
azt,0,0,0,0,0,0,0,0,0,0,0,0,0,0,0,0,0,0,0,0,0,0,0,0,0,0,0,0,0,0,0,0,0
docusate,1,0,0,0,1,2,0,0,0,0,0,0,0,0,0,0,0,0,0,1,0,0,1,0,0,0,0,0,1,0,0,0,0
tolazoline,1,1,0,0,1,1,0,1,0,0,0,1,0,1,1,0,0,1,1,0,0,1,1,1,1,1,0,0,0,1,1,1,1
paroxetine,9,4,0,0,4,5,0,6,3,0,1,4,1,0,0,0,4,0,5,4,0,2,5,3,11,2,0,0,3,1,6,3,0
carfentanil,1,0,0,0,0,1,0,0,0,0,0,0,0,0,0,0,0,0,0,0,0,0,1,0,0,0,0,0,0,1,2,0,0
wormwood,58,22,0,2,43,23,0,8,5,1,2,5,0,0,0,0,35,3,16,29,0,2,31,4,65,4,0,0,9,9,34,24,6
diacylglycerol,0,0,0,0,1,1,0,0,0,0,0,0,0,0,0,0,0,0,0,1,0,0,1,0,0,0,0,0,0,0,1,0,0
siemilanceata,0,0,0,0,0,0,0,0,0,0,0,0,0,0,0,0,1,0,0,0,0,0,1,0,0,0,0,0,0,0,0,0,0
papaver somiferum,0,0,0,0,1,0,0,0,0,0,0,0,0,0,0,0,0,0,0,0,0,0,0,0,0,0,0,0,0,0,0,0,0
ergopeptine,0,0,0,0,0,0,0,0,0,0,0,1,0,0,0,0,0,0,0,0,0,0,0,0,0,0,0,0,0,0,0,0,0
cascarilla,0,0,0,0,0,1,0,0,0,0,0,0,0,0,0,0,1,0,0,0,0,0,0,0,0,0,0,0,0,0,0,0,0
trigonella,1,1,0,0,0,0,0,0,1,0,0,0,0,0,0,0,0,0,1,0,1,0,0,0,0,0,0,0,0,0,0,0,0
uranium,5,0,0,0,1,0,0,0,0,1,0,0,0,0,0,0,0,0,0,1,0,0,2,0,4,0,0,0,0,0,1,1,0
igg,0,0,0,0,1,0,0,0,0,0,0,0,0,0,0,0,0,0,0,0,0,1,0,0,1,0,0,0,0,0,1,0,0
methylecgonine,1,1,0,0,1,0,0,0,0,1,0,1,0,0,0,0,0,0,0,0,0,0,0,0,1,0,0,0,1,0,0,0,0
other,60,53,1,0,29,24,1,9,11,9,2,6,2,1,0,2,41,2,29,42,0,11,38,3,72,3,0,0,15,0,22,30,2
dimethylcarbonate,1,1,0,0,1,0,0,0,0,1,0,1,0,0,0,0,0,0,0,0,0,0,0,0,1,0,0,0,1,0,0,0,0
atomoxatine,0,0,0,0,0,0,0,0,0,0,0,0,0,0,0,0,0,0,0,0,0,0,0,0,0,0,0,0,0,0,0,0,0
acetaminophen,40,17,0,2,17,43,1,7,3,3,0,0,1,0,0,1,14,0,10,8,0,7,29,3,45,1,0,0,3,1,20,11,1
doxylamine,1,0,0,0,0,1,0,0,0,0,0,0,0,0,0,0,1,0,0,1,0,0,2,0,1,1,0,0,1,0,0,0,0
ziprasidone,0,0,0,0,0,0,0,0,0,0,0,0,0,0,0,0,1,0,0,0,0,0,0,0,1,0,0,0,0,0,0,0,0
metergoline,0,0,0,0,0,0,0,0,0,0,0,1,0,0,0,0,0,0,0,0,0,0,0,0,0,0,0,0,0,0,0,0,0
piperonylpiperazine,2,0,0,0,1,1,0,0,0,0,0,0,0,0,0,0,2,0,0,1,0,0,3,0,2,1,0,0,0,0,1,0,0
meconidine,1,0,0,0,1,1,0,0,0,0,0,0,0,0,0,0,0,0,0,1,0,0,1,0,1,0,0,0,0,0,0,0,0
alkenebenzene,1,0,0,0,1,1,0,0,1,0,0,1,0,0,0,0,1,0,0,0,0,0,1,0,0,0,0,0,0,0,0,0,0
tetrahydroisoquinolines,0,0,0,0,0,0,0,0,0,0,0,0,0,0,0,0,0,0,0,0,0,0,0,0,0,0,0,0,0,0,0,0,0
illusinogen,1,1,0,0,0,0,0,0,0,0,0,0,0,0,0,0,1,0,2,1,0,0,0,0,1,0,0,0,1,0,0,0,0
monovinyl,1,0,0,0,1,1,0,0,0,0,0,0,0,0,0,0,0,0,0,0,0,0,1,0,1,0,0,0,0,0,1,0,0
ammonium,11,3,1,0,9,1,0,0,0,1,0,1,1,0,0,1,5,0,5,5,0,0,2,0,17,0,0,0,2,1,5,3,1
podophyllum,1,0,0,0,0,0,0,0,0,1,0,0,0,0,0,0,1,0,0,1,0,0,1,0,0,0,0,0,1,0,0,0,0
ibogaine,39,17,1,0,20,15,0,9,4,5,3,4,1,1,0,3,20,1,17,29,0,4,17,1,40,1,0,0,10,7,16,9,2
dihydrocodeine,10,2,0,0,7,6,0,2,1,0,0,1,0,0,0,0,4,1,3,1,0,0,6,0,10,0,0,0,1,0,2,2,0
azithromycin,1,1,0,0,1,1,0,0,0,0,0,0,1,0,0,0,1,0,1,1,0,0,0,0,1,0,0,0,0,0,0,1,1
amphetamine,296,161,3,20,149,92,0,45,43,18,6,24,25,4,1,8,138,5,138,171,1,33,157,22,298,8,0,0,48,14,104,104,10
methylzanthine,1,0,0,0,0,1,0,0,0,1,0,0,0,0,0,0,0,0,0,0,0,0,1,1,1,0,0,0,1,0,0,0,0
adaptogen,14,10,2,2,12,6,0,5,4,3,0,1,2,0,0,0,8,1,4,9,1,1,9,5,15,0,0,0,2,7,5,4,0
miprocetin,2,0,0,0,0,0,0,0,0,0,0,1,0,0,0,0,1,0,1,2,0,1,0,0,1,0,0,0,1,0,1,0,0
dimethylamylamine,1,1,0,1,1,0,0,0,0,0,0,0,0,0,0,1,1,0,1,1,0,0,2,0,0,0,0,0,0,0,0,0,0
halomethanes,0,0,0,0,0,0,0,0,0,0,0,1,0,0,0,0,0,0,0,0,0,0,0,0,0,0,0,0,0,0,0,0,0
memanitne,1,1,0,0,1,1,0,1,0,0,0,0,0,0,0,0,1,0,0,1,0,0,0,0,1,0,0,0,0,0,1,1,0
coricidin,32,17,0,2,14,19,0,4,1,3,2,4,0,0,0,1,14,0,9,21,0,2,16,3,39,1,0,0,8,0,14,16,3
quercitrin,1,1,0,1,1,1,0,0,0,0,0,0,0,0,0,0,0,1,0,1,0,0,1,0,1,0,0,0,1,0,1,0,0
cpp,1,1,0,0,0,0,0,0,0,0,0,0,1,0,0,0,1,0,0,0,0,0,1,0,1,0,0,0,0,0,1,0,0
benzopyran,1,1,1,0,1,1,0,1,0,0,0,1,0,0,0,0,1,0,0,1,0,0,1,1,1,0,0,0,0,1,0,0,0
amygdalin,0,0,0,0,0,0,0,0,0,0,0,0,0,0,0,0,0,0,0,0,0,0,0,0,0,0,0,0,0,0,0,0,0
iodophenethylamine,0,0,0,0,1,0,0,0,0,0,0,0,0,0,0,0,0,0,0,0,0,0,0,0,0,0,0,0,0,0,0,0,0
